15,Australia,1,Ashmore and Cartier Islands,1,n.a.1
15,Australia,2,Australian Capital Territory,2,Acton
15,Australia,2,Australian Capital Territory,3,Ainslie
15,Australia,2,Australian Capital Territory,4,Amaroo
15,Australia,2,Australian Capital Territory,5,Aranda
15,Australia,2,Australian Capital Territory,6,Banks
15,Australia,2,Australian Capital Territory,7,Barton
15,Australia,2,Australian Capital Territory,8,Belconnen - SSD Bal
15,Australia,2,Australian Capital Territory,9,Belconnen Town Centre
15,Australia,2,Australian Capital Territory,10,Bonython
15,Australia,2,Australian Capital Territory,11,Braddon
15,Australia,2,Australian Capital Territory,12,Bruce
15,Australia,2,Australian Capital Territory,13,Calwell
15,Australia,2,Australian Capital Territory,14,Campbell
15,Australia,2,Australian Capital Territory,15,Chapman
15,Australia,2,Australian Capital Territory,16,Charnwood
15,Australia,2,Australian Capital Territory,17,Chifley
15,Australia,2,Australian Capital Territory,18,Chisholm
15,Australia,2,Australian Capital Territory,19,City
15,Australia,2,Australian Capital Territory,20,Conder
15,Australia,2,Australian Capital Territory,21,Cook
15,Australia,2,Australian Capital Territory,22,Curtin
15,Australia,2,Australian Capital Territory,23,Deakin
15,Australia,2,Australian Capital Territory,24,Dickson
15,Australia,2,Australian Capital Territory,25,Downer
15,Australia,2,Australian Capital Territory,26,Duffy
15,Australia,2,Australian Capital Territory,27,Dunlop
15,Australia,2,Australian Capital Territory,28,Duntroon
15,Australia,2,Australian Capital Territory,29,Evatt
15,Australia,2,Australian Capital Territory,30,Fadden
15,Australia,2,Australian Capital Territory,31,Farrer
15,Australia,2,Australian Capital Territory,32,Fisher
15,Australia,2,Australian Capital Territory,33,Florey
15,Australia,2,Australian Capital Territory,34,Flynn
15,Australia,2,Australian Capital Territory,35,Forrest
15,Australia,2,Australian Capital Territory,36,Fraser
15,Australia,2,Australian Capital Territory,37,Fyshwick
15,Australia,2,Australian Capital Territory,38,Garran
15,Australia,2,Australian Capital Territory,39,Gilmore
15,Australia,2,Australian Capital Territory,40,Giralang
15,Australia,2,Australian Capital Territory,41,Gordon
15,Australia,2,Australian Capital Territory,42,Gowrie
15,Australia,2,Australian Capital Territory,43,Greenway
15,Australia,2,Australian Capital Territory,44,Griffith
15,Australia,2,Australian Capital Territory,45,Gungahlin-Hall - SSD Bal
15,Australia,2,Australian Capital Territory,46,Gungahlin
15,Australia,2,Australian Capital Territory,47,Hackett
15,Australia,2,Australian Capital Territory,48,Hall
15,Australia,2,Australian Capital Territory,49,Harman
15,Australia,2,Australian Capital Territory,50,Harrison
15,Australia,2,Australian Capital Territory,51,Hawker
15,Australia,2,Australian Capital Territory,52,Higgins
15,Australia,2,Australian Capital Territory,53,Holder
15,Australia,2,Australian Capital Territory,54,Holt
15,Australia,2,Australian Capital Territory,55,Hughes
15,Australia,2,Australian Capital Territory,56,Hume
15,Australia,2,Australian Capital Territory,57,Isaacs
15,Australia,2,Australian Capital Territory,58,Isabella Plains
15,Australia,2,Australian Capital Territory,59,Jerrabomberra
15,Australia,2,Australian Capital Territory,60,Kaleen
15,Australia,2,Australian Capital Territory,61,Kambah
15,Australia,2,Australian Capital Territory,62,Kingston
15,Australia,2,Australian Capital Territory,63,Kowen
15,Australia,2,Australian Capital Territory,64,Latham
15,Australia,2,Australian Capital Territory,65,Lyneham
15,Australia,2,Australian Capital Territory,66,Lyons
15,Australia,2,Australian Capital Territory,67,Macarthur
15,Australia,2,Australian Capital Territory,68,Macgregor
15,Australia,2,Australian Capital Territory,69,Macquarie
15,Australia,2,Australian Capital Territory,70,Majura
15,Australia,2,Australian Capital Territory,71,Mawson
15,Australia,2,Australian Capital Territory,72,McKellar
15,Australia,2,Australian Capital Territory,73,Melba
15,Australia,2,Australian Capital Territory,74,Mitchell
15,Australia,2,Australian Capital Territory,75,Monash
15,Australia,2,Australian Capital Territory,76,Narrabundah
15,Australia,2,Australian Capital Territory,77,Ngunnawal
15,Australia,2,Australian Capital Territory,78,Nicholls
15,Australia,2,Australian Capital Territory,79,O'Connor
15,Australia,2,Australian Capital Territory,80,O'Malley
15,Australia,2,Australian Capital Territory,81,Oaks Estate
15,Australia,2,Australian Capital Territory,82,Oxley
15,Australia,2,Australian Capital Territory,83,Page
15,Australia,2,Australian Capital Territory,84,Palmerston
15,Australia,2,Australian Capital Territory,85,Parkes
15,Australia,2,Australian Capital Territory,86,Pearce
15,Australia,2,Australian Capital Territory,87,Phillip
15,Australia,2,Australian Capital Territory,88,Pialligo
15,Australia,2,Australian Capital Territory,89,Red Hill
15,Australia,2,Australian Capital Territory,90,Reid
15,Australia,2,Australian Capital Territory,91,Remainder of ACT
15,Australia,2,Australian Capital Territory,92,Richardson
15,Australia,2,Australian Capital Territory,93,Rivett
15,Australia,2,Australian Capital Territory,94,Russell
15,Australia,2,Australian Capital Territory,95,Scullin
15,Australia,2,Australian Capital Territory,96,Spence
15,Australia,2,Australian Capital Territory,97,Stirling
15,Australia,2,Australian Capital Territory,98,Stromlo
15,Australia,2,Australian Capital Territory,99,Symonston
15,Australia,2,Australian Capital Territory,100,Theodore
15,Australia,2,Australian Capital Territory,101,Torrens
15,Australia,2,Australian Capital Territory,102,Tuggeranong - SSD Bal
15,Australia,2,Australian Capital Territory,103,Turner
15,Australia,2,Australian Capital Territory,104,Wanniassa
15,Australia,2,Australian Capital Territory,105,Waramanga
15,Australia,2,Australian Capital Territory,106,Watson
15,Australia,2,Australian Capital Territory,107,Weetangera
15,Australia,2,Australian Capital Territory,108,Weston Creek-Stromlo - SSD Bal
15,Australia,2,Australian Capital Territory,109,Weston
15,Australia,2,Australian Capital Territory,110,Yarralumla
15,Australia,3,Coral Sea Islands,111,n.a.2
15,Australia,4,Jervis Bay Territory,112,Jervis Bay
15,Australia,5,New South Wales,113,Albury
15,Australia,5,New South Wales,114,Armidale Dumaresq Bal
15,Australia,5,New South Wales,115,Armidale Dumaresq
15,Australia,5,New South Wales,116,Ashfield
15,Australia,5,New South Wales,117,Auburn
15,Australia,5,New South Wales,118,Ballina
15,Australia,5,New South Wales,119,Balranald
15,Australia,5,New South Wales,120,Bankstown - North-East
15,Australia,5,New South Wales,121,Bankstown  - North-West
15,Australia,5,New South Wales,122,Bankstown  - South
15,Australia,5,New South Wales,123,Bathurst Regional - Pt A
15,Australia,5,New South Wales,124,Bathurst Regional - Pt B
15,Australia,5,New South Wales,125,Baulkham Hills - Central
15,Australia,5,New South Wales,126,Baulkham Hills  - North
15,Australia,5,New South Wales,127,Baulkham Hills  - South
15,Australia,5,New South Wales,128,Bega Valley
15,Australia,5,New South Wales,129,Bellingen
15,Australia,5,New South Wales,130,Berrigan
15,Australia,5,New South Wales,131,Blacktown - South-East
15,Australia,5,New South Wales,132,Blacktown  - North
15,Australia,5,New South Wales,133,Blacktown  - South-West
15,Australia,5,New South Wales,134,Bland
15,Australia,5,New South Wales,135,Blayney
15,Australia,5,New South Wales,136,Blue Mountains
15,Australia,5,New South Wales,137,Bogan
15,Australia,5,New South Wales,138,Bombala
15,Australia,5,New South Wales,139,Boorowa
15,Australia,5,New South Wales,140,Botany Bay
15,Australia,5,New South Wales,141,Bourke
15,Australia,5,New South Wales,142,Brewarrina
15,Australia,5,New South Wales,143,Broken Hill
15,Australia,5,New South Wales,144,Burwood
15,Australia,5,New South Wales,145,Byron
15,Australia,5,New South Wales,146,Cabonne
15,Australia,5,New South Wales,147,Camden
15,Australia,5,New South Wales,148,Campbelltown - North
15,Australia,5,New South Wales,149,Campbelltown  - South
15,Australia,5,New South Wales,150,Canada Bay - Concord
15,Australia,5,New South Wales,151,Canada Bay - Drummoyne
15,Australia,5,New South Wales,152,Canterbury
15,Australia,5,New South Wales,153,Carrathool
15,Australia,5,New South Wales,154,Central Darling
15,Australia,5,New South Wales,155,Cessnock
15,Australia,5,New South Wales,156,Clarence Valley- Coast
15,Australia,5,New South Wales,157,Clarence Valley- Grafton
15,Australia,5,New South Wales,158,Clarence Valley Bal
15,Australia,5,New South Wales,159,Cobar
15,Australia,5,New South Wales,160,Coffs Harbour - Pt A
15,Australia,5,New South Wales,161,Coffs Harbour - Pt B
15,Australia,5,New South Wales,162,Conargo
15,Australia,5,New South Wales,163,Coolamon
15,Australia,5,New South Wales,164,Cooma-Monaro
15,Australia,5,New South Wales,165,Coonamble
15,Australia,5,New South Wales,166,Cootamundra
15,Australia,5,New South Wales,167,Corowa
15,Australia,5,New South Wales,168,Cowra
15,Australia,5,New South Wales,169,Deniliquin
15,Australia,5,New South Wales,170,Dubbo - Pt A
15,Australia,5,New South Wales,171,Dubbo - Pt B
15,Australia,5,New South Wales,172,Dungog
15,Australia,5,New South Wales,173,Eurobodalla
15,Australia,5,New South Wales,174,Fairfield - East
15,Australia,5,New South Wales,175,Fairfield - West
15,Australia,5,New South Wales,176,Forbes
15,Australia,5,New South Wales,177,Gilgandra
15,Australia,5,New South Wales,178,Glen Innes Severn
15,Australia,5,New South Wales,179,Gloucester
15,Australia,5,New South Wales,180,Gosford - East
15,Australia,5,New South Wales,181,Gosford - West
15,Australia,5,New South Wales,182,Goulburn Mulwaree - Goulburn
15,Australia,5,New South Wales,183,Goulburn Mulwaree Bal
15,Australia,5,New South Wales,184,Great Lakes
15,Australia,5,New South Wales,185,Greater Hume Shire - Pt A
15,Australia,5,New South Wales,186,Greater Hume Shire - Pt B
15,Australia,5,New South Wales,187,Greater Taree
15,Australia,5,New South Wales,188,Griffith
15,Australia,5,New South Wales,189,Gundagai
15,Australia,5,New South Wales,190,Gunnedah
15,Australia,5,New South Wales,191,Guyra
15,Australia,5,New South Wales,192,Gwydir
15,Australia,5,New South Wales,193,Harden
15,Australia,5,New South Wales,194,Hawkesbury
15,Australia,5,New South Wales,195,Hay
15,Australia,5,New South Wales,196,Holroyd
15,Australia,5,New South Wales,197,Hornsby - North
15,Australia,5,New South Wales,198,Hornsby - South
15,Australia,5,New South Wales,199,Hunters Hill
15,Australia,5,New South Wales,200,Hurstville
15,Australia,5,New South Wales,201,Inverell - Pt A
15,Australia,5,New South Wales,202,Inverell - Pt B
15,Australia,5,New South Wales,203,Jerilderie
15,Australia,5,New South Wales,204,Junee
15,Australia,5,New South Wales,205,Kempsey
15,Australia,5,New South Wales,206,Kiama
15,Australia,5,New South Wales,207,Kogarah
15,Australia,5,New South Wales,208,Ku-ring-gai
15,Australia,5,New South Wales,209,Kyogle
15,Australia,5,New South Wales,210,Lachlan
15,Australia,5,New South Wales,211,Lake Macquarie - East
15,Australia,5,New South Wales,212,Lake Macquarie - West
15,Australia,5,New South Wales,213,Lake Macquarie  - North
15,Australia,5,New South Wales,214,Lane Cove
15,Australia,5,New South Wales,215,Leeton
15,Australia,5,New South Wales,216,Leichhardt
15,Australia,5,New South Wales,217,Lismore - Pt A
15,Australia,5,New South Wales,218,Lismore - Pt B
15,Australia,5,New South Wales,219,Lithgow
15,Australia,5,New South Wales,220,Liverpool - East
15,Australia,5,New South Wales,221,Liverpool - West
15,Australia,5,New South Wales,222,Liverpool Plains
15,Australia,5,New South Wales,223,Lockhart
15,Australia,5,New South Wales,224,Lord Howe Island
15,Australia,5,New South Wales,225,Maitland
15,Australia,5,New South Wales,226,Manly
15,Australia,5,New South Wales,227,Marrickville
15,Australia,5,New South Wales,228,Mid-Western Regional - Pt A
15,Australia,5,New South Wales,229,Mid-Western Regional - Pt B
15,Australia,5,New South Wales,230,Moree Plains
15,Australia,5,New South Wales,231,Mosman
15,Australia,5,New South Wales,232,Murray
15,Australia,7,Queensland,670,Manly West
15,Australia,7,Queensland,671,Manly
15,Australia,7,Queensland,672,Mansfield
15,Australia,7,Queensland,673,Mapoon
15,Australia,7,Queensland,674,Mareeba
15,Australia,7,Queensland,675,Margate-Woody Point
15,Australia,7,Queensland,676,Maroochy - Buderim
15,Australia,7,Queensland,677,Maroochy - Coastal North
15,Australia,7,Queensland,678,Maroochy - Maroochydore
15,Australia,7,Queensland,679,Maroochy - Mooloolaba
15,Australia,7,Queensland,680,Maroochy - Nambour
15,Australia,7,Queensland,681,Maroochy - Paynter-Petrie Creek
15,Australia,7,Queensland,682,Maroochy
15,Australia,7,Queensland,683,Marsden
15,Australia,7,Queensland,684,Maryborough
15,Australia,7,Queensland,685,McDowall
15,Australia,7,Queensland,686,McKinlay
15,Australia,7,Queensland,687,Mermaid Wtrs-Clear Is. Wtrs
15,Australia,7,Queensland,688,Mer
15,Australia,7,Queensland,689,Miami
15,Australia,7,Queensland,690,Middle Park
15,Australia,7,Queensland,691,Millmerran
15,Australia,10,Victoria,1056,Bass Coast  - Phillip Is.
15,Australia,10,Victoria,1057,Bass Coast  Bal
15,Australia,10,Victoria,1058,Baw Baw - Pt B East
15,Australia,10,Victoria,1059,Baw Baw  - Pt A
15,Australia,10,Victoria,1060,Baw Baw  - Pt B West
15,Australia,10,Victoria,1061,Bayside  - Brighton
15,Australia,10,Victoria,1062,Bayside  - South
15,Australia,10,Victoria,1063,Bellarine - Inner
15,Australia,10,Victoria,1064,Benalla - Benalla
15,Australia,10,Victoria,1065,Benalla  Bal
15,Australia,10,Victoria,1066,Boroondara  - Camberwell N.
15,Australia,10,Victoria,1067,Boroondara  - Camberwell S.
15,Australia,10,Victoria,1068,Boroondara  - Hawthorn
15,Australia,10,Victoria,1069,Boroondara  - Kew
15,Australia,10,Victoria,1070,Brimbank - Sunshine
15,Australia,10,Victoria,1071,Brimbank  - Keilor
15,Australia,10,Victoria,1072,Buloke  - North
15,Australia,10,Victoria,1073,Buloke  - South
15,Australia,10,Victoria,1097,E. Gippsland - South-West
15,Australia,10,Victoria,1098,E. Gippsland Bal
15,Australia,10,Victoria,1099,Falls Creek Alpine Resort
15,Australia,10,Victoria,1100,Frankston - East
15,Australia,5,New South Wales,233,Murrumbidgee
15,Australia,5,New South Wales,234,Muswellbrook
15,Australia,5,New South Wales,235,Nambucca
15,Australia,5,New South Wales,236,Narrabri
15,Australia,5,New South Wales,237,Narrandera
15,Australia,5,New South Wales,238,Narromine
15,Australia,5,New South Wales,239,Newcastle - Inner City
15,Australia,5,New South Wales,240,Newcastle - Outer West
15,Australia,5,New South Wales,241,Newcastle - Throsby
15,Australia,5,New South Wales,242,North Sydney
15,Australia,5,New South Wales,243,Oberon
15,Australia,5,New South Wales,244,Orange
15,Australia,5,New South Wales,245,Palerang - Pt A
15,Australia,5,New South Wales,246,Palerang - Pt B
15,Australia,5,New South Wales,247,Parkes
15,Australia,5,New South Wales,248,Parramatta - North-East
15,Australia,5,New South Wales,249,Parramatta - North-West
15,Australia,5,New South Wales,250,Parramatta - South
15,Australia,5,New South Wales,251,Parramatta  - Inner
15,Australia,5,New South Wales,252,Penrith - East
15,Australia,5,New South Wales,253,Penrith - West
15,Australia,5,New South Wales,254,Pittwater
15,Australia,5,New South Wales,255,Port Macquarie-Hastings - Pt A
15,Australia,5,New South Wales,256,Port Macquarie-Hastings - Pt B
15,Australia,5,New South Wales,257,Port Stephens
15,Australia,5,New South Wales,258,Queanbeyan
15,Australia,5,New South Wales,259,Randwick
15,Australia,5,New South Wales,260,Richmond Valley - Casino
15,Australia,5,New South Wales,261,Richmond Valley Bal
15,Australia,5,New South Wales,262,Rockdale
15,Australia,5,New South Wales,263,Ryde
15,Australia,5,New South Wales,264,Shellharbour
15,Australia,5,New South Wales,265,Shoalhaven - Pt A
15,Australia,5,New South Wales,266,Shoalhaven - Pt B
15,Australia,5,New South Wales,267,Singleton
15,Australia,5,New South Wales,268,Snowy River
15,Australia,5,New South Wales,269,Strathfield
15,Australia,5,New South Wales,270,Sutherland Shire - East
15,Australia,5,New South Wales,271,Sutherland Shire - West
15,Australia,5,New South Wales,272,Sydney - East
15,Australia,5,New South Wales,273,Sydney - Inner
15,Australia,5,New South Wales,274,Sydney - South
15,Australia,5,New South Wales,275,Sydney - West
15,Australia,5,New South Wales,276,Tamworth Regional - Pt A
15,Australia,5,New South Wales,277,Tamworth Regional - Pt B
15,Australia,5,New South Wales,278,Temora
15,Australia,5,New South Wales,279,Tenterfield
15,Australia,5,New South Wales,280,Tumbarumba
15,Australia,5,New South Wales,281,Tumut
15,Australia,5,New South Wales,282,Tweed - Pt B
15,Australia,5,New South Wales,283,Tweed  - Tweed-Heads
15,Australia,5,New South Wales,284,Tweed  - Tweed Coast
15,Australia,5,New South Wales,285,Unincorp. Far West
15,Australia,5,New South Wales,286,Upper Hunter Shire
15,Australia,5,New South Wales,287,Upper Lachlan Shire
15,Australia,5,New South Wales,288,Uralla
15,Australia,5,New South Wales,289,Urana
15,Australia,5,New South Wales,290,Wagga Wagga - Pt A
15,Australia,5,New South Wales,291,Wagga Wagga - Pt B
15,Australia,5,New South Wales,292,Wakool
15,Australia,5,New South Wales,293,Walcha
15,Australia,5,New South Wales,294,Walgett
15,Australia,5,New South Wales,295,Warren
15,Australia,5,New South Wales,296,Warringah
15,Australia,5,New South Wales,297,Warrumbungle Shire
15,Australia,5,New South Wales,298,Waverley
15,Australia,5,New South Wales,299,Weddin
15,Australia,5,New South Wales,300,Wellington
15,Australia,5,New South Wales,301,Wentworth
15,Australia,5,New South Wales,302,Willoughby
15,Australia,5,New South Wales,303,Wingecarribee
15,Australia,5,New South Wales,304,Wollondilly
15,Australia,5,New South Wales,305,Wollongong - Inner
15,Australia,5,New South Wales,306,Wollongong Bal
15,Australia,5,New South Wales,307,Woollahra
15,Australia,5,New South Wales,308,Wyong - North-East
15,Australia,5,New South Wales,309,Wyong - South and West
15,Australia,5,New South Wales,310,Yass Valley
15,Australia,5,New South Wales,311,Young
15,Australia,6,Northern Territory,312,Alawa
15,Australia,6,Northern Territory,313,Alice Springs- Charles
15,Australia,6,Northern Territory,314,Alice Springs- Heavitree
15,Australia,6,Northern Territory,315,Alice Springs- Ross
15,Australia,6,Northern Territory,316,Alice Springs- Stuart
15,Australia,6,Northern Territory,317,Alice Springs - Larapinta
15,Australia,6,Northern Territory,318,Alpurrurulam
15,Australia,6,Northern Territory,319,Angurugu
15,Australia,6,Northern Territory,320,Anmatjere
15,Australia,6,Northern Territory,321,Anula
15,Australia,6,Northern Territory,322,Arltarlpilta
15,Australia,6,Northern Territory,323,Bakewell
15,Australia,6,Northern Territory,324,Bayview-Woolner
15,Australia,6,Northern Territory,325,Belyuen
15,Australia,6,Northern Territory,326,Binjari
15,Australia,6,Northern Territory,327,Borroloola
15,Australia,6,Northern Territory,328,Brinkin
15,Australia,6,Northern Territory,329,City - Inner
15,Australia,6,Northern Territory,330,City - Remainder
15,Australia,6,Northern Territory,331,Coconut Grove
15,Australia,6,Northern Territory,332,Coomalie
15,Australia,6,Northern Territory,333,Cox-Finniss
15,Australia,6,Northern Territory,334,Cox Peninsula
15,Australia,6,Northern Territory,335,Daguragu
15,Australia,6,Northern Territory,336,Daly
15,Australia,6,Northern Territory,337,Driver
15,Australia,6,Northern Territory,338,Durack
15,Australia,6,Northern Territory,339,East Arm
15,Australia,6,Northern Territory,340,East Arnhem - Bal
15,Australia,6,Northern Territory,341,Elliott District
15,Australia,6,Northern Territory,342,Elsey
15,Australia,6,Northern Territory,343,Fannie Bay
15,Australia,6,Northern Territory,344,Gray
15,Australia,6,Northern Territory,345,Groote Eylandt
15,Australia,6,Northern Territory,346,Gulf
15,Australia,6,Northern Territory,347,Gunn-Palmerston
15,Australia,6,Northern Territory,348,Hanson
15,Australia,6,Northern Territory,349,Jabiru
15,Australia,6,Northern Territory,350,Jilkminggan
15,Australia,6,Northern Territory,351,Jingili
15,Australia,6,Northern Territory,352,Karama
15,Australia,6,Northern Territory,353,Katherine
15,Australia,6,Northern Territory,354,Kunbarllanjnja
15,Australia,6,Northern Territory,355,Lajamanu
15,Australia,6,Northern Territory,356,Larrakeyah
15,Australia,6,Northern Territory,357,Leanyer
15,Australia,6,Northern Territory,358,Lee Point-Leanyer Swamp
15,Australia,6,Northern Territory,359,Litchfield - Pt A
15,Australia,6,Northern Territory,360,Litchfield - Pt B
15,Australia,6,Northern Territory,361,Ltyentye Purte
15,Australia,6,Northern Territory,362,Ludmilla
15,Australia,6,Northern Territory,363,Malak
15,Australia,6,Northern Territory,364,Marngarr
15,Australia,6,Northern Territory,365,Marrara
15,Australia,6,Northern Territory,366,Mataranka
15,Australia,6,Northern Territory,367,Millner
15,Australia,6,Northern Territory,368,Moil
15,Australia,6,Northern Territory,369,Moulden
15,Australia,6,Northern Territory,370,Nakara
15,Australia,6,Northern Territory,371,Narrows
15,Australia,6,Northern Territory,372,Nauiyu Nambiyu
15,Australia,6,Northern Territory,373,Nhulunbuy
15,Australia,6,Northern Territory,374,Nightcliff
15,Australia,6,Northern Territory,375,Numbulwar/Numburindi
15,Australia,6,Northern Territory,376,Nyirranggulung Mardrulk Ngadberre
15,Australia,6,Northern Territory,377,Palmerston
15,Australia,6,Northern Territory,378,Parap
15,Australia,6,Northern Territory,379,Petermann-Simpson
15,Australia,6,Northern Territory,380,Pine Creek
15,Australia,6,Northern Territory,381,Rapid Creek
15,Australia,6,Northern Territory,382,Sandover
15,Australia,6,Northern Territory,383,South Alligator
15,Australia,6,Northern Territory,384,Stuart Park
15,Australia,6,Northern Territory,385,Tableland
15,Australia,6,Northern Territory,386,Tanami
15,Australia,6,Northern Territory,387,Tapatijatjaka
15,Australia,6,Northern Territory,388,Tennant Creek - Bal
15,Australia,6,Northern Territory,389,Tennant Creek
15,Australia,6,Northern Territory,390,Thamarrurr
15,Australia,6,Northern Territory,391,The Gardens
15,Australia,6,Northern Territory,392,Timber Creek
15,Australia,6,Northern Territory,393,Tiwi Islands
15,Australia,6,Northern Territory,394,Tiwi
15,Australia,6,Northern Territory,395,Victoria
15,Australia,6,Northern Territory,396,Wagaman
15,Australia,6,Northern Territory,397,Walingeri-Ngumpinku
15,Australia,6,Northern Territory,398,Wallace Rockhole
15,Australia,6,Northern Territory,399,Wanguri
15,Australia,6,Northern Territory,400,Watiyawanu
15,Australia,6,Northern Territory,401,West Arnhem
15,Australia,6,Northern Territory,402,Winnellie
15,Australia,6,Northern Territory,403,Woodroffe
15,Australia,6,Northern Territory,404,Wulagi
15,Australia,6,Northern Territory,405,Yuendumu
15,Australia,6,Northern Territory,406,Yugal Mangi
15,Australia,7,Queensland,407,Acacia Ridge
15,Australia,7,Queensland,408,Aitkenvale
15,Australia,7,Queensland,409,Albany Creek
15,Australia,7,Queensland,410,Albion
15,Australia,7,Queensland,411,Alderley
15,Australia,7,Queensland,412,Alexandra Hills
15,Australia,7,Queensland,413,Algester
15,Australia,7,Queensland,414,Annerley
15,Australia,7,Queensland,415,Anstead
15,Australia,7,Queensland,416,Aramac
15,Australia,7,Queensland,417,Archerfield
15,Australia,7,Queensland,418,Ascot
15,Australia,7,Queensland,419,Ashgrove
15,Australia,7,Queensland,420,Ashmore-Benowa
15,Australia,7,Queensland,421,Aspley
15,Australia,7,Queensland,422,Atherton
15,Australia,7,Queensland,423,Aurukun
15,Australia,7,Queensland,424,Badu
15,Australia,7,Queensland,425,Bald Hills
15,Australia,7,Queensland,426,Balmoral
15,Australia,7,Queensland,427,Balonne
15,Australia,7,Queensland,428,Bamaga
15,Australia,7,Queensland,429,Banana
15,Australia,7,Queensland,430,Banyo
15,Australia,7,Queensland,431,Barcaldine
15,Australia,7,Queensland,432,Barcoo
15,Australia,7,Queensland,433,Bardon
15,Australia,7,Queensland,434,Bauhinia
15,Australia,7,Queensland,435,Beaudesert  - Pt A
15,Australia,7,Queensland,436,Beaudesert  - Pt B
15,Australia,7,Queensland,437,Beaudesert  - Pt C
15,Australia,7,Queensland,438,Beenleigh
15,Australia,7,Queensland,439,Bellbowrie
15,Australia,7,Queensland,440,Belmont-Mackenzie
15,Australia,7,Queensland,441,Belyando
15,Australia,7,Queensland,442,Bendemere
15,Australia,7,Queensland,443,Bethania-Waterford
15,Australia,7,Queensland,444,Biggenden
15,Australia,7,Queensland,445,Biggera Waters-Labrador
15,Australia,7,Queensland,446,Bilinga-Tugun
15,Australia,7,Queensland,447,Birkdale
15,Australia,7,Queensland,448,Blackall
15,Australia,7,Queensland,449,Boigu
15,Australia,7,Queensland,450,Boonah
15,Australia,7,Queensland,451,Boondall
15,Australia,7,Queensland,452,Booringa
15,Australia,7,Queensland,453,Boulia
15,Australia,7,Queensland,454,Bowen Hills
15,Australia,7,Queensland,455,Bowen
15,Australia,7,Queensland,456,Bracken Ridge
15,Australia,7,Queensland,457,Bray Park
15,Australia,7,Queensland,458,Bribie Island
15,Australia,7,Queensland,459,Bridgeman Downs
15,Australia,7,Queensland,460,Brighton
15,Australia,7,Queensland,461,Broadbeach-Mermaid Beach
15,Australia,7,Queensland,462,Broadbeach Waters
15,Australia,7,Queensland,463,Broadsound
15,Australia,7,Queensland,464,Brookfield (incl. Brisbane Forest Park)
15,Australia,7,Queensland,465,Browns Plains
15,Australia,7,Queensland,466,Bulimba
15,Australia,7,Queensland,467,Bulloo
15,Australia,7,Queensland,468,Bundaberg
15,Australia,7,Queensland,469,Bundall
15,Australia,7,Queensland,470,Bungil
15,Australia,7,Queensland,471,Burbank
15,Australia,7,Queensland,472,Burdekin
15,Australia,7,Queensland,473,Burke
15,Australia,7,Queensland,474,Burleigh Heads
15,Australia,7,Queensland,475,Burleigh Waters
15,Australia,7,Queensland,476,Burnett  - Pt A
15,Australia,7,Queensland,477,Burnett  - Pt B
15,Australia,7,Queensland,478,Burpengary-Narangba
15,Australia,7,Queensland,479,Caboolture - Hinterland
15,Australia,7,Queensland,480,Caboolture - Midwest
15,Australia,7,Queensland,481,Caboolture  - Central
15,Australia,7,Queensland,482,Caboolture  - East
15,Australia,7,Queensland,483,Cairns - Central Suburbs
15,Australia,7,Queensland,484,Cairns - Mt Whitfield
15,Australia,7,Queensland,485,Cairns - Northern Suburbs
15,Australia,7,Queensland,486,Cairns - Pt B
15,Australia,7,Queensland,487,Cairns - Trinity
15,Australia,7,Queensland,488,Cairns - Western Suburbs
15,Australia,7,Queensland,489,Cairns  - Barron
15,Australia,7,Queensland,490,Cairns  - City
15,Australia,7,Queensland,491,Calamvale
15,Australia,7,Queensland,492,Calliope - Pt A
15,Australia,7,Queensland,493,Calliope - Pt B
15,Australia,7,Queensland,494,Caloundra - Caloundra N.
15,Australia,7,Queensland,495,Caloundra - Caloundra S.
15,Australia,7,Queensland,496,Caloundra - Hinterland
15,Australia,7,Queensland,497,Caloundra - Kawana
15,Australia,7,Queensland,498,Caloundra - Rail Corridor
15,Australia,7,Queensland,499,Cambooya - Pt A
15,Australia,7,Queensland,500,Cambooya - Pt B
15,Australia,7,Queensland,501,Camp Hill
15,Australia,7,Queensland,502,Cannon Hill
15,Australia,7,Queensland,503,Capalaba
15,Australia,7,Queensland,504,Carbrook-Cornubia
15,Australia,7,Queensland,505,Cardwell
15,Australia,7,Queensland,506,Carina Heights
15,Australia,7,Queensland,507,Carina
15,Australia,7,Queensland,508,Carindale
15,Australia,7,Queensland,509,Carpentaria
15,Australia,7,Queensland,510,Carrara-Merrimac
15,Australia,7,Queensland,511,Carseldine
15,Australia,7,Queensland,512,Central Pine West
15,Australia,7,Queensland,513,Chandler-Capalaba West
15,Australia,7,Queensland,514,Chapel Hill
15,Australia,7,Queensland,515,Charters Towers
15,Australia,7,Queensland,516,Chelmer
15,Australia,7,Queensland,517,Cherbourg
15,Australia,7,Queensland,518,Chermside West
15,Australia,7,Queensland,519,Chermside
15,Australia,7,Queensland,520,Chinchilla
15,Australia,7,Queensland,521,City - Inner
15,Australia,7,Queensland,522,City - Remainder
15,Australia,7,Queensland,523,City
15,Australia,7,Queensland,524,Clayfield
15,Australia,7,Queensland,525,Cleveland
15,Australia,7,Queensland,526,Clifton
15,Australia,7,Queensland,527,Cloncurry
15,Australia,7,Queensland,528,Clontarf
15,Australia,7,Queensland,529,Cook
15,Australia,7,Queensland,530,Coolangatta
15,Australia,7,Queensland,531,Cooloola - Gympie only
15,Australia,7,Queensland,532,Cooloola (excl. Gympie)
15,Australia,7,Queensland,533,Coombabah
15,Australia,7,Queensland,534,Coopers Plains
15,Australia,7,Queensland,535,Coorparoo
15,Australia,7,Queensland,536,Corinda
15,Australia,7,Queensland,537,Cranbrook
15,Australia,7,Queensland,538,Crow's Nest - Pt A
15,Australia,7,Queensland,539,Crow's Nest - Pt B
15,Australia,7,Queensland,540,Croydon
15,Australia,7,Queensland,541,Currajong
15,Australia,7,Queensland,542,Currumbin Valley-Tallebudgera
15,Australia,7,Queensland,543,Currumbin Waters
15,Australia,7,Queensland,544,Currumbin
15,Australia,7,Queensland,545,Daisy Hill-Priestdale
15,Australia,7,Queensland,546,Dakabin-Kallangur-M. Downs
15,Australia,7,Queensland,547,Dalby
15,Australia,7,Queensland,548,Dalrymple
15,Australia,7,Queensland,549,Darra-Sumner
15,Australia,7,Queensland,550,Dauan
15,Australia,7,Queensland,551,Deagon
15,Australia,7,Queensland,552,Deception Bay
15,Australia,7,Queensland,553,Diamantina
15,Australia,7,Queensland,554,Doolandella-Forest Lake
15,Australia,7,Queensland,555,Doomadgee
15,Australia,7,Queensland,556,Douglas
15,Australia,7,Queensland,557,Duaringa
15,Australia,7,Queensland,558,Durack
15,Australia,7,Queensland,559,Dutton Park
15,Australia,7,Queensland,560,Eacham
15,Australia,7,Queensland,561,Eagleby
15,Australia,7,Queensland,562,East Brisbane
15,Australia,7,Queensland,563,Edens Landing-Holmview
15,Australia,7,Queensland,564,Eidsvold
15,Australia,7,Queensland,565,Eight Mile Plains
15,Australia,7,Queensland,566,Elanora
15,Australia,7,Queensland,567,Ellen Grove
15,Australia,7,Queensland,568,Emerald
15,Australia,7,Queensland,569,Enoggera
15,Australia,7,Queensland,570,Erub
15,Australia,7,Queensland,571,Esk
15,Australia,7,Queensland,572,Etheridge
15,Australia,7,Queensland,573,Everton Park
15,Australia,7,Queensland,574,Fairfield
15,Australia,7,Queensland,575,Ferny Grove
15,Australia,7,Queensland,576,Fig Tree Pocket
15,Australia,7,Queensland,577,Fitzroy - Pt A
15,Australia,7,Queensland,578,Fitzroy - Pt B
15,Australia,7,Queensland,579,Flinders
15,Australia,7,Queensland,580,Fortitude Valley
15,Australia,7,Queensland,581,Garbutt
15,Australia,7,Queensland,582,Gatton
15,Australia,7,Queensland,583,Gayndah
15,Australia,7,Queensland,584,Geebung
15,Australia,7,Queensland,585,Gladstone
15,Australia,7,Queensland,586,Goondiwind
15,Australia,7,Queensland,587,Graceville
15,Australia,7,Queensland,588,Grange
15,Australia,7,Queensland,589,Greenbank-Boronia Heights
15,Australia,7,Queensland,590,Greenslopes
15,Australia,7,Queensland,591,Griffin-Mango Hill
15,Australia,7,Queensland,592,Guanaba-Springbrook
15,Australia,7,Queensland,593,Gulliver
15,Australia,7,Queensland,594,Gumdale-Ransome
15,Australia,7,Queensland,595,Hamilton
15,Australia,7,Queensland,596,Hammond
15,Australia,7,Queensland,597,Hawthorne
15,Australia,7,Queensland,598,Heatley
15,Australia,7,Queensland,599,Helensvale
15,Australia,7,Queensland,600,Hemmant-Lytton
15,Australia,7,Queensland,601,Hendra
15,Australia,7,Queensland,602,Herberton
15,Australia,7,Queensland,603,Hermit Park
15,Australia,7,Queensland,604,Herston
15,Australia,7,Queensland,605,Hervey Bay - Pt A
15,Australia,7,Queensland,606,Hervey Bay - Pt B
15,Australia,7,Queensland,607,Highgate Hill
15,Australia,7,Queensland,608,Hills District
15,Australia,7,Queensland,609,Hinchinbrook
15,Australia,7,Queensland,610,Holland Park West
15,Australia,7,Queensland,611,Holland Park
15,Australia,7,Queensland,612,Hope Island
15,Australia,7,Queensland,613,Hopevale
15,Australia,7,Queensland,614,Hyde Park-Mysterton
15,Australia,7,Queensland,615,Iama
15,Australia,7,Queensland,616,Ilfracombe
15,Australia,7,Queensland,617,Inala
15,Australia,7,Queensland,618,Indooroopilly
15,Australia,7,Queensland,619,Inglewood
15,Australia,7,Queensland,620,Injinoo
15,Australia,7,Queensland,621,Ipswich - Central
15,Australia,7,Queensland,622,Ipswich - East
15,Australia,7,Queensland,623,Ipswich - North
15,Australia,7,Queensland,624,Ipswich - South-West
15,Australia,7,Queensland,625,Ipswich - West
15,Australia,7,Queensland,626,Isisford
15,Australia,7,Queensland,627,Isis
15,Australia,7,Queensland,628,Jacobs Well-Alberton
15,Australia,7,Queensland,629,Jamboree Heights
15,Australia,7,Queensland,630,Jericho
15,Australia,7,Queensland,631,Jindalee
15,Australia,7,Queensland,632,Johnstone
15,Australia,7,Queensland,633,Jondaryan - Pt A
15,Australia,7,Queensland,634,Jondaryan - Pt B
15,Australia,7,Queensland,635,Kangaroo Point
15,Australia,7,Queensland,636,Karana Downs-Lake Manchester
15,Australia,7,Queensland,637,Kedron
15,Australia,7,Queensland,638,Kelso
15,Australia,7,Queensland,639,Kelvin Grove
15,Australia,7,Queensland,640,Kenmore Hills
15,Australia,7,Queensland,641,Kenmore
15,Australia,7,Queensland,642,Keperra
15,Australia,7,Queensland,643,Kilcoy
15,Australia,7,Queensland,644,Kilkivan
15,Australia,7,Queensland,645,Kingaroy
15,Australia,7,Queensland,646,Kingsholme-Upper Coomera
15,Australia,7,Queensland,647,Kingston
15,Australia,7,Queensland,648,Kirwan
15,Australia,7,Queensland,649,Kolan
15,Australia,7,Queensland,650,Kowanyama
15,Australia,7,Queensland,651,Kubin
15,Australia,7,Queensland,652,Kuraby
15,Australia,7,Queensland,653,Laidley
15,Australia,7,Queensland,654,Lawnton
15,Australia,7,Queensland,655,Livingstone - Pt A
15,Australia,7,Queensland,656,Livingstone - Pt B
15,Australia,7,Queensland,657,Lockhart River
15,Australia,7,Queensland,658,Logan
15,Australia,7,Queensland,659,Loganholme
15,Australia,7,Queensland,660,Loganlea
15,Australia,7,Queensland,661,Longreach
15,Australia,7,Queensland,662,Lota
15,Australia,7,Queensland,663,Lutwyche
15,Australia,7,Queensland,664,Mabuiag
15,Australia,7,Queensland,665,MacGregor
15,Australia,7,Queensland,666,Mackay - Pt A
15,Australia,7,Queensland,667,Mackay - Pt B
15,Australia,7,Queensland,668,Magnetic Island
15,Australia,7,Queensland,669,Main Beach-South Stradbroke
15,Australia,10,Victoria,1074,C. Goldfields  - M'borough
15,Australia,10,Victoria,1075,C. Goldfields Bal
15,Australia,10,Victoria,1076,Campaspe - Echuca
15,Australia,10,Victoria,1077,Campaspe - Kyabram
15,Australia,10,Victoria,1078,Campaspe - Rochester
15,Australia,10,Victoria,1079,Campaspe - South
15,Australia,10,Victoria,1080,Cardinia - North
15,Australia,10,Victoria,1081,Cardinia - Pakenham
15,Australia,10,Victoria,1082,Cardinia  - South
15,Australia,10,Victoria,1083,Casey - Berwick
15,Australia,10,Victoria,1084,Casey - Cranbourne
15,Australia,10,Victoria,1085,Casey - Hallam
15,Australia,10,Victoria,1086,Casey - South
15,Australia,10,Victoria,1087,Colac-Otway - Colac
15,Australia,10,Victoria,1088,Colac-Otway - North
15,Australia,10,Victoria,1089,Colac-Otway - South
15,Australia,10,Victoria,1090,Corangamite - North
15,Australia,10,Victoria,1091,Corangamite - South
15,Australia,10,Victoria,1092,Corio - Inner
15,Australia,10,Victoria,1093,Darebin- Northcote
15,Australia,10,Victoria,1094,Darebin - Preston
15,Australia,10,Victoria,1095,E. Gippsland - Bairnsdale
15,Australia,10,Victoria,1096,E. Gippsland - Orbost
15,Australia,11,Western Australia,1378,Victoria Plains
15,Australia,11,Western Australia,1379,Vincent
15,Australia,11,Western Australia,1380,Wagin
15,Australia,11,Western Australia,1381,Wandering
15,Australia,11,Western Australia,1382,Wanneroo
15,Australia,11,Western Australia,1383,Waroona
15,Australia,11,Western Australia,1384,West Arthur
15,Australia,11,Western Australia,1385,Westonia
15,Australia,11,Western Australia,1386,Wickepin
15,Australia,11,Western Australia,1387,Williams
15,Australia,11,Western Australia,1388,Wiluna
15,Australia,11,Western Australia,1389,Wongan-Ballidu
15,Australia,11,Western Australia,1390,Woodanilling
15,Australia,11,Western Australia,1391,Wyalkatchem
15,Australia,11,Western Australia,1392,Wyndham-East Kimberley
15,Australia,11,Western Australia,1393,Yalgoo
15,Australia,11,Western Australia,1394,Yilgarn
15,Australia,11,Western Australia,1395,York
15,Australia,7,Queensland,692,Milton
15,Australia,7,Queensland,693,Mirani
15,Australia,7,Queensland,694,Miriam Vale
15,Australia,7,Queensland,695,Mitchelton
15,Australia,7,Queensland,696,Moggill
15,Australia,7,Queensland,697,Molendinar
15,Australia,7,Queensland,698,Monto
15,Australia,7,Queensland,699,Moorooka
15,Australia,7,Queensland,700,Morayfield
15,Australia,7,Queensland,701,Moreton Island
15,Australia,7,Queensland,702,Morningside
15,Australia,7,Queensland,703,Mornington
15,Australia,7,Queensland,704,Mount Gravatt East
15,Australia,7,Queensland,705,Mount Gravatt
15,Australia,7,Queensland,706,Mount Isa
15,Australia,7,Queensland,707,Mount Morgan
15,Australia,7,Queensland,708,Mount Ommaney
15,Australia,7,Queensland,709,Mt Louisa-Mt St John-Bohle
15,Australia,7,Queensland,710,Mt Warren Park
15,Australia,7,Queensland,711,Mudgeeraba-Reedy Creek
15,Australia,7,Queensland,712,Mundingburra
15,Australia,7,Queensland,713,Mundubbera
15,Australia,7,Queensland,714,Murarrie
15,Australia,7,Queensland,715,Murgon
15,Australia,7,Queensland,716,Murilla
15,Australia,7,Queensland,717,Murray
15,Australia,7,Queensland,718,Murweh
15,Australia,7,Queensland,719,Nanango
15,Australia,7,Queensland,720,Napranum
15,Australia,7,Queensland,721,Nathan
15,Australia,7,Queensland,722,Nebo
15,Australia,7,Queensland,723,Nerang
15,Australia,7,Queensland,724,New Farm
15,Australia,7,Queensland,725,New Mapoon
15,Australia,7,Queensland,726,Newmarket
15,Australia,7,Queensland,727,Newstead
15,Australia,7,Queensland,728,Noosa - Noosa-Noosaville
15,Australia,7,Queensland,729,Noosa - Sunshine-Peregian
15,Australia,7,Queensland,730,Noosa - Tewantin
15,Australia,7,Queensland,731,Noosa Bal
15,Australia,7,Queensland,732,Norman Park
15,Australia,7,Queensland,733,North Ward-Castle Hill
15,Australia,7,Queensland,734,Northgate
15,Australia,7,Queensland,735,Nudgee
15,Australia,7,Queensland,736,Nundah
15,Australia,7,Queensland,737,Oonoonba-Idalia-Cluden
15,Australia,7,Queensland,738,Ormeau-Yatala
15,Australia,7,Queensland,739,Ormiston
15,Australia,7,Queensland,740,Oxenford-Maudsland
15,Australia,7,Queensland,741,Oxley
15,Australia,7,Queensland,742,Pacific Pines-Gaven
15,Australia,7,Queensland,743,Paddington
15,Australia,7,Queensland,744,Pallara-Heathwood-Larapinta
15,Australia,7,Queensland,745,Pallarenda-Shelley Beach
15,Australia,7,Queensland,746,Palm Beach
15,Australia,7,Queensland,747,Palm Island
15,Australia,7,Queensland,748,Paradise Point-Runaway Bay
15,Australia,7,Queensland,749,Parkinson-Drewvale
15,Australia,7,Queensland,750,Parkwood-Arundel
15,Australia,7,Queensland,751,Paroo
15,Australia,7,Queensland,752,Peak Downs
15,Australia,7,Queensland,753,Perry
15,Australia,7,Queensland,754,Petrie
15,Australia,7,Queensland,755,Pimlico
15,Australia,7,Queensland,756,Pimpama-Coomera
15,Australia,7,Queensland,757,Pine Rivers Bal
15,Australia,7,Queensland,758,Pinjarra Hills
15,Australia,7,Queensland,759,Pinkenba-Eagle Farm
15,Australia,7,Queensland,760,Pittsworth
15,Australia,7,Queensland,761,Pormpuraaw
15,Australia,7,Queensland,762,Poruma
15,Australia,7,Queensland,763,Pullenvale
15,Australia,7,Queensland,764,Quilpie
15,Australia,7,Queensland,765,Railway Estate
15,Australia,7,Queensland,766,Red Hill
15,Australia,7,Queensland,767,Redcliffe-Scarborough
15,Australia,7,Queensland,768,Redland Bal
15,Australia,7,Queensland,769,Redland Bay
15,Australia,7,Queensland,770,Richlands
15,Australia,7,Queensland,771,Richmond
15,Australia,7,Queensland,772,Riverhills
15,Australia,7,Queensland,773,Robertson
15,Australia,7,Queensland,774,Robina
15,Australia,7,Queensland,775,Rochedale South
15,Australia,7,Queensland,776,Rochedale
15,Australia,7,Queensland,777,Rockhampton
15,Australia,7,Queensland,778,Rocklea
15,Australia,7,Queensland,779,Roma
15,Australia,7,Queensland,780,Rosalie - Pt A
15,Australia,7,Queensland,781,Rosalie - Pt B
15,Australia,7,Queensland,782,Rosslea
15,Australia,7,Queensland,783,Rothwell-Kippa-Ring
15,Australia,7,Queensland,784,Rowes Bay-Belgian Gardens
15,Australia,7,Queensland,785,Runcorn
15,Australia,7,Queensland,786,Saibai
15,Australia,7,Queensland,787,Salisbury
15,Australia,7,Queensland,788,Sandgate
15,Australia,7,Queensland,789,Sarina
15,Australia,7,Queensland,790,Seisia
15,Australia,7,Queensland,791,Seventeen Mile Rocks
15,Australia,7,Queensland,792,Shailer Park
15,Australia,7,Queensland,793,Sheldon-Mt Cotton
15,Australia,7,Queensland,794,Sherwood
15,Australia,7,Queensland,795,Slacks Creek
15,Australia,7,Queensland,796,South Brisbane
15,Australia,7,Queensland,797,South Townsville
15,Australia,7,Queensland,798,Southport
15,Australia,7,Queensland,799,Spring Hill
15,Australia,7,Queensland,800,Springwood
15,Australia,7,Queensland,801,St Lucia
15,Australia,7,Queensland,802,St Pauls
15,Australia,7,Queensland,803,Stafford Heights
15,Australia,7,Queensland,804,Stafford
15,Australia,7,Queensland,805,Stanthorpe
15,Australia,7,Queensland,806,Strathpine-Brendale
15,Australia,7,Queensland,807,Stretton-Karawatha
15,Australia,7,Queensland,808,Stuart-Roseneath
15,Australia,7,Queensland,809,Sunnybank Hills
15,Australia,7,Queensland,810,Sunnybank
15,Australia,7,Queensland,811,Surfers Paradise
15,Australia,7,Queensland,812,Taigum-Fitzgibbon
15,Australia,7,Queensland,813,Tambo
15,Australia,7,Queensland,814,Tanah Merah
15,Australia,7,Queensland,815,Tara
15,Australia,7,Queensland,816,Taringa
15,Australia,7,Queensland,817,Taroom
15,Australia,7,Queensland,818,Tarragindi
15,Australia,7,Queensland,819,The Gap
15,Australia,7,Queensland,820,Thorneside
15,Australia,7,Queensland,821,Thornlands
15,Australia,7,Queensland,822,Thuringowa - Pt A Bal
15,Australia,7,Queensland,823,Thuringowa - Pt B
15,Australia,7,Queensland,824,Tiaro
15,Australia,7,Queensland,825,Tingalpa
15,Australia,7,Queensland,826,Toowong
15,Australia,7,Queensland,827,Toowoomba - Central
15,Australia,7,Queensland,828,Toowoomba - North-East
15,Australia,7,Queensland,829,Toowoomba - North-West
15,Australia,7,Queensland,830,Toowoomba - South-East
15,Australia,7,Queensland,831,Toowoomba - West
15,Australia,7,Queensland,832,Torres
15,Australia,7,Queensland,833,Townsville - Pt B
15,Australia,7,Queensland,834,Ugar
15,Australia,7,Queensland,835,Umagico
15,Australia,7,Queensland,836,Underwood
15,Australia,7,Queensland,837,Upper Kedron
15,Australia,7,Queensland,838,Upper Mount Gravatt
15,Australia,7,Queensland,839,Varsity Lakes
15,Australia,7,Queensland,840,Victoria Point
15,Australia,7,Queensland,841,Vincent
15,Australia,7,Queensland,842,Virginia
15,Australia,7,Queensland,843,Wacol
15,Australia,7,Queensland,844,Waggamba
15,Australia,7,Queensland,845,Wakerley
15,Australia,7,Queensland,846,Wambo
15,Australia,7,Queensland,847,Warraber
15,Australia,7,Queensland,848,Warroo
15,Australia,7,Queensland,849,Warwick - Central
15,Australia,7,Queensland,850,Warwick - East
15,Australia,7,Queensland,851,Warwick - North
15,Australia,7,Queensland,852,Warwick - West
15,Australia,7,Queensland,853,Waterford West
15,Australia,7,Queensland,854,Wavell Heights
15,Australia,7,Queensland,855,Weipa
15,Australia,7,Queensland,856,Wellington Point
15,Australia,7,Queensland,857,West End
15,Australia,7,Queensland,858,Westlake
15,Australia,7,Queensland,859,Whitsunday
15,Australia,7,Queensland,860,Willawong
15,Australia,7,Queensland,861,Wilston
15,Australia,7,Queensland,862,Windsor
15,Australia,7,Queensland,863,Winton
15,Australia,7,Queensland,864,Wishart
15,Australia,7,Queensland,865,Wolffdene-Bahrs Scrub
15,Australia,7,Queensland,866,Wondai
15,Australia,7,Queensland,867,Woocoo
15,Australia,7,Queensland,868,Woodridge
15,Australia,7,Queensland,869,Woolloongabba
15,Australia,7,Queensland,870,Wooloowin
15,Australia,7,Queensland,871,Woorabinda
15,Australia,7,Queensland,872,Worongary-Tallai
15,Australia,7,Queensland,873,Wujal Wujal
15,Australia,7,Queensland,874,Wulguru
15,Australia,7,Queensland,875,Wynnum West
15,Australia,7,Queensland,876,Wynnum
15,Australia,7,Queensland,877,Yarrabah
15,Australia,7,Queensland,878,Yeerongpilly
15,Australia,7,Queensland,879,Yeronga
15,Australia,7,Queensland,880,Yorke
15,Australia,7,Queensland,881,Zillmere
15,Australia,8,South Australia,882,Adelaide Hills-Bal
15,Australia,8,South Australia,883,Adelaide Hills --Central
15,Australia,8,South Australia,884,Adelaide Hills - North
15,Australia,8,South Australia,885,Adelaide Hills -Ranges
15,Australia,8,South Australia,886,Adelaide
15,Australia,8,South Australia,887,Alexandrina- Strathalbyn
15,Australia,8,South Australia,888,Alexandrina - Coastal
15,Australia,8,South Australia,889,Anangu Pitjantjatjara
15,Australia,8,South Australia,890,Barossa  - Angaston
15,Australia,8,South Australia,891,Barossa  - Barossa
15,Australia,8,South Australia,892,Barossa  - Tanunda
15,Australia,8,South Australia,893,Barunga West
15,Australia,8,South Australia,894,Berri & Barmera  - Barmera
15,Australia,8,South Australia,895,Berri & Barmera  - Berri
15,Australia,8,South Australia,896,Burnside - North-East
15,Australia,8,South Australia,897,Burnside  - South-West
15,Australia,8,South Australia,898,Campbelltown - East
15,Australia,8,South Australia,899,Campbelltown - West
15,Australia,8,South Australia,900,Ceduna
15,Australia,8,South Australia,901,Charles Sturt - Coastal
15,Australia,8,South Australia,902,Charles Sturt - Inner East
15,Australia,8,South Australia,903,Charles Sturt - Inner West
15,Australia,8,South Australia,904,Charles Sturt - North-East
15,Australia,8,South Australia,905,Clare and Gilbert Valleys
15,Australia,8,South Australia,906,Cleve
15,Australia,8,South Australia,907,Coober Pedy
15,Australia,8,South Australia,908,Copper Coast
15,Australia,8,South Australia,909,Elliston
15,Australia,8,South Australia,910,Flinders Ranges
15,Australia,8,South Australia,911,Franklin Harbour
15,Australia,8,South Australia,912,Gawler
15,Australia,8,South Australia,913,Goyder
15,Australia,8,South Australia,914,Grant
15,Australia,8,South Australia,915,Holdfast Bay - North
15,Australia,8,South Australia,916,Holdfast Bay - South
15,Australia,8,South Australia,917,Kangaroo Island
15,Australia,8,South Australia,918,Karoonda East Murray
15,Australia,8,South Australia,919,Kimba
15,Australia,8,South Australia,920,Kingston
15,Australia,8,South Australia,921,Le Hunte
15,Australia,8,South Australia,922,Light
15,Australia,8,South Australia,923,Lower Eyre Peninsula
15,Australia,8,South Australia,924,Loxton Waikerie - West
15,Australia,8,South Australia,925,Loxton Waikerie  - East
15,Australia,8,South Australia,926,Mallala
15,Australia,8,South Australia,927,Maralinga Tjarutja
15,Australia,8,South Australia,928,Marion - Central
15,Australia,8,South Australia,929,Marion - North
15,Australia,8,South Australia,930,Marion - South
15,Australia,8,South Australia,931,Mid Murray
15,Australia,8,South Australia,932,Mitcham - Hills
15,Australia,8,South Australia,933,Mitcham - North-East
15,Australia,8,South Australia,934,Mitcham  - West
15,Australia,8,South Australia,935,Mount Barker  - Central
15,Australia,8,South Australia,936,Mount Barker Bal
15,Australia,8,South Australia,937,Mount Gambier
15,Australia,8,South Australia,938,Mount Remarkable (DC)
15,Australia,8,South Australia,939,Murray Bridge
15,Australia,8,South Australia,940,Naracoorte Lucindale
15,Australia,8,South Australia,941,Northern Areas
15,Australia,8,South Australia,942,Norw. P'ham St Ptrs  - East
15,Australia,8,South Australia,943,Norw. P'ham St Ptrs  - West
15,Australia,8,South Australia,944,Onkaparinga - Hackham
15,Australia,8,South Australia,945,Onkaparinga - Hills
15,Australia,8,South Australia,946,Onkaparinga - Morphett
15,Australia,8,South Australia,947,Onkaparinga - North Coast
15,Australia,8,South Australia,948,Onkaparinga - Reservoir
15,Australia,8,South Australia,949,Onkaparinga - South Coast
15,Australia,8,South Australia,950,Onkaparinga - Woodcroft
15,Australia,8,South Australia,951,Orroroo/Carrieton
15,Australia,8,South Australia,952,Peterborough
15,Australia,8,South Australia,953,Playford - East Central
15,Australia,8,South Australia,954,Playford - Elizabeth
15,Australia,8,South Australia,955,Playford - Hills
15,Australia,8,South Australia,956,Playford - West Central
15,Australia,8,South Australia,957,Playford - West
15,Australia,8,South Australia,958,Port Adel. Enfield - Coast
15,Australia,8,South Australia,959,Port Adel. Enfield - East
15,Australia,8,South Australia,960,Port Adel. Enfield - Inner
15,Australia,8,South Australia,961,Port Adel. Enfield - Park
15,Australia,8,South Australia,962,Port Adel. Enfield - Port
15,Australia,8,South Australia,963,Port Augusta
15,Australia,8,South Australia,964,Port Lincoln
15,Australia,8,South Australia,965,Port Pirie C Dists - City
15,Australia,8,South Australia,966,Port Pirie C Dists Bal
15,Australia,8,South Australia,967,Prospect
15,Australia,8,South Australia,968,Renmark Paringa - Paringa
15,Australia,8,South Australia,969,Renmark Paringa - Renmark
15,Australia,8,South Australia,970,Robe
15,Australia,8,South Australia,971,Roxby Downs
15,Australia,8,South Australia,972,Salisbury - Central
15,Australia,8,South Australia,973,Salisbury - Inner North
15,Australia,8,South Australia,974,Salisbury - North-East
15,Australia,8,South Australia,975,Salisbury - South-East
15,Australia,8,South Australia,976,Salisbury Bal
15,Australia,8,South Australia,977,Southern Mallee
15,Australia,8,South Australia,978,Streaky Bay
15,Australia,8,South Australia,979,Tatiara
15,Australia,8,South Australia,980,Tea Tree Gully - Central
15,Australia,8,South Australia,981,Tea Tree Gully - North
15,Australia,8,South Australia,982,Tea Tree Gully - South
15,Australia,8,South Australia,983,Tea Tree Gully  - Hills
15,Australia,8,South Australia,984,The Coorong
15,Australia,8,South Australia,985,Tumby Bay
15,Australia,8,South Australia,986,Unincorp. Far North
15,Australia,8,South Australia,987,Unincorp. Flinders Ranges
15,Australia,8,South Australia,988,Unincorp. Lincoln
15,Australia,8,South Australia,989,Unincorp. Murray Mallee
15,Australia,8,South Australia,990,Unincorp. Pirie
15,Australia,8,South Australia,991,Unincorp. Riverland
15,Australia,8,South Australia,992,Unincorp. West Coast
15,Australia,8,South Australia,993,Unincorp. Western
15,Australia,8,South Australia,994,Unincorp. Whyalla
15,Australia,8,South Australia,995,Unincorp. Yorke
15,Australia,8,South Australia,996,Unley - East
15,Australia,8,South Australia,997,Unley - West
15,Australia,8,South Australia,998,Victor Harbor
15,Australia,8,South Australia,999,Wakefield
15,Australia,8,South Australia,1000,Walkerville
15,Australia,8,South Australia,1001,Wattle Range - East
15,Australia,8,South Australia,1002,Wattle Range  - West
15,Australia,8,South Australia,1003,West Torrens - East
15,Australia,8,South Australia,1004,West Torrens - West
15,Australia,8,South Australia,1005,Whyalla
15,Australia,8,South Australia,1006,Yankalilla
15,Australia,8,South Australia,1007,Yorke Peninsula - North
15,Australia,8,South Australia,1008,Yorke Peninsula - South
15,Australia,9,Tasmania,1009,Break O'Day
15,Australia,9,Tasmania,1010,Brighton
15,Australia,9,Tasmania,1011,Burnie  - Pt A
15,Australia,9,Tasmania,1012,Burnie  - Pt B
15,Australia,9,Tasmania,1013,Central Coast - Pt A
15,Australia,9,Tasmania,1014,Central Coast - Pt B
15,Australia,9,Tasmania,1015,Central Highlands
15,Australia,9,Tasmania,1016,Circular Head
15,Australia,9,Tasmania,1017,Clarence
15,Australia,9,Tasmania,1018,Derwent Valley
15,Australia,9,Tasmania,1019,Devonport
15,Australia,9,Tasmania,1020,Dorset
15,Australia,9,Tasmania,1021,Flinders
15,Australia,9,Tasmania,1022,George Town - Pt A
15,Australia,9,Tasmania,1023,George Town - Pt B
15,Australia,9,Tasmania,1024,Glamorgan-Spring Bay
15,Australia,9,Tasmania,1025,Glenorchy
15,Australia,9,Tasmania,1026,Hobart
15,Australia,9,Tasmania,1027,Huon Valley
15,Australia,9,Tasmania,1028,Kentish
15,Australia,9,Tasmania,1029,King Island
15,Australia,9,Tasmania,1030,Kingborough
15,Australia,9,Tasmania,1031,Latrobe - Pt A
15,Australia,9,Tasmania,1032,Latrobe - Pt B
15,Australia,9,Tasmania,1033,Launceston - Pt B
15,Australia,9,Tasmania,1034,Launceston - Pt C
15,Australia,9,Tasmania,1035,Macquarie Island
15,Australia,9,Tasmania,1036,Meander Valley
15,Australia,9,Tasmania,1037,Northern Midlands - Pt A
15,Australia,9,Tasmania,1038,Northern Midlands - Pt B
15,Australia,9,Tasmania,1039,Sorell
15,Australia,9,Tasmania,1040,Southern Midlands
15,Australia,9,Tasmania,1041,Tasman
15,Australia,9,Tasmania,1042,Waratah/Wynyard - Pt A
15,Australia,9,Tasmania,1043,Waratah/Wynyard - Pt B
15,Australia,9,Tasmania,1044,West Coast
15,Australia,9,Tasmania,1045,West Tamar - Pt A
15,Australia,9,Tasmania,1046,West Tamar - Pt B
15,Australia,10,Victoria,1047,Alpine- West
15,Australia,10,Victoria,1048,Alpine - East
15,Australia,10,Victoria,1049,Ararat
15,Australia,10,Victoria,1050,Ballarat - North
15,Australia,10,Victoria,1051,Ballarat  - Central
15,Australia,10,Victoria,1052,Ballarat  - Inner North
15,Australia,10,Victoria,1053,Ballarat  - South
15,Australia,10,Victoria,1054,Banyule - Heidelberg
15,Australia,10,Victoria,1055,Banyule - North
15,Australia,10,Victoria,1101,Frankston - West
15,Australia,10,Victoria,1102,French Island
15,Australia,10,Victoria,1103,Gannawarra
15,Australia,10,Victoria,1104,Geelong West
15,Australia,10,Victoria,1105,Geelong
15,Australia,10,Victoria,1106,Glen Eira - Caulfield
15,Australia,10,Victoria,1107,Glen Eira - South
15,Australia,10,Victoria,1108,Glenelg - Heywood
15,Australia,10,Victoria,1109,Glenelg - North
15,Australia,10,Victoria,1110,Glenelg - Portland
15,Australia,10,Victoria,1111,Golden Plains - North-West
15,Australia,10,Victoria,1112,Golden Plains - South-East
15,Australia,10,Victoria,1113,Gr. Bendigo - Central
15,Australia,10,Victoria,1114,Gr. Bendigo - Eaglehawk
15,Australia,10,Victoria,1115,Gr. Bendigo - Inner East
15,Australia,10,Victoria,1116,Gr. Bendigo - Inner North
15,Australia,10,Victoria,1117,Gr. Bendigo - Inner West
15,Australia,10,Victoria,1118,Gr. Bendigo - Pt B
15,Australia,10,Victoria,1119,Gr. Bendigo - S'saye
15,Australia,10,Victoria,1120,Gr. Dandenong - Dandenong
15,Australia,10,Victoria,1121,Gr. Dandenong Bal
15,Australia,10,Victoria,1122,Gr. Shepparton - Pt A
15,Australia,10,Victoria,1123,Gr. Shepparton - Pt B East
15,Australia,10,Victoria,1124,Gr. Shepparton - Pt B West
15,Australia,10,Victoria,1125,Greater Geelong - Pt B
15,Australia,10,Victoria,1126,Greater Geelong - Pt C
15,Australia,10,Victoria,1127,Hepburn - East
15,Australia,10,Victoria,1128,Hepburn - West
15,Australia,10,Victoria,1129,Hindmarsh
15,Australia,10,Victoria,1130,Hobsons Bay - Altona
15,Australia,10,Victoria,1131,Hobsons Bay - Williamstown
15,Australia,10,Victoria,1132,Horsham - Central
15,Australia,10,Victoria,1133,Horsham Bal
15,Australia,10,Victoria,1134,Hume - Broadmeadows
15,Australia,10,Victoria,1135,Hume - Craigieburn
15,Australia,10,Victoria,1136,Hume - Sunbury
15,Australia,10,Victoria,1137,Indigo - Pt A
15,Australia,10,Victoria,1138,Indigo - Pt B
15,Australia,10,Victoria,1139,Kingston - North
15,Australia,10,Victoria,1140,Kingston - South
15,Australia,10,Victoria,1141,Knox - North-East
15,Australia,10,Victoria,1142,Knox - North-West
15,Australia,10,Victoria,1143,Knox - South
15,Australia,10,Victoria,1144,Lady Julia Percy Island
15,Australia,10,Victoria,1145,Lake Mountain Alpine Resort
15,Australia,10,Victoria,1146,Latrobe - Moe
15,Australia,10,Victoria,1147,Latrobe - Morwell
15,Australia,10,Victoria,1148,Latrobe - Traralgon
15,Australia,10,Victoria,1149,Latrobe Bal
15,Australia,10,Victoria,1150,Loddon - North
15,Australia,10,Victoria,1151,Loddon - South
15,Australia,10,Victoria,1152,Macedon Ranges - Kyneton
15,Australia,10,Victoria,1153,Macedon Ranges - Romsey
15,Australia,10,Victoria,1154,Macedon Ranges Bal
15,Australia,10,Victoria,1155,Manningham - East
15,Australia,10,Victoria,1156,Manningham - West
15,Australia,10,Victoria,1157,Mansfield
15,Australia,10,Victoria,1158,Maribyrnong
15,Australia,10,Victoria,1159,Maroondah - Croydon
15,Australia,10,Victoria,1160,Maroondah - Ringwood
15,Australia,10,Victoria,1161,Melbourne - Inner
15,Australia,10,Victoria,1162,Melbourne - Remainder
15,Australia,10,Victoria,1163,Melbourne - S'bank-D'lands
15,Australia,10,Victoria,1164,Melton - East
15,Australia,10,Victoria,1165,Melton Bal
15,Australia,10,Victoria,1166,Mildura - Pt A
15,Australia,10,Victoria,1167,Mildura - Pt B
15,Australia,10,Victoria,1168,Mitchell - North
15,Australia,10,Victoria,1169,Mitchell - South
15,Australia,10,Victoria,1170,Moira - East
15,Australia,10,Victoria,1171,Moira - West
15,Australia,10,Victoria,1172,Monash - South-West
15,Australia,10,Victoria,1173,Monash - Waverley East
15,Australia,10,Victoria,1174,Monash - Waverley West
15,Australia,10,Victoria,1175,Moonee Valley - Essendon
15,Australia,10,Victoria,1176,Moonee Valley - West
15,Australia,10,Victoria,1177,Moorabool - Bacchus Marsh
15,Australia,10,Victoria,1178,Moorabool - Ballan
15,Australia,10,Victoria,1179,Moorabool - West
15,Australia,10,Victoria,1180,Moreland - Brunswick
15,Australia,10,Victoria,1181,Moreland - Coburg
15,Australia,10,Victoria,1182,Moreland - North
15,Australia,10,Victoria,1183,Mornington P'sula - East
15,Australia,10,Victoria,1184,Mornington P'sula - South
15,Australia,10,Victoria,1185,Mornington P'sula - West
15,Australia,10,Victoria,1186,Mount Alexander  - C'maine
15,Australia,10,Victoria,1187,Mount Alexander Bal
15,Australia,10,Victoria,1188,Mount Baw Baw Alpine Resort
15,Australia,10,Victoria,1189,Mount Buller Alpine Resort
15,Australia,10,Victoria,1190,Mount Hotham Alpine Resort
15,Australia,10,Victoria,1191,Mount Stirling Alpine Resort
15,Australia,10,Victoria,1192,Moyne - North-East
15,Australia,10,Victoria,1193,Moyne - North-West
15,Australia,10,Victoria,1194,Moyne - South
15,Australia,10,Victoria,1195,Murrindindi - East
15,Australia,10,Victoria,1196,Murrindindi - West
15,Australia,10,Victoria,1197,N. Grampians - St Arnaud
15,Australia,10,Victoria,1198,N. Grampians  - Stawell
15,Australia,10,Victoria,1199,Newtown
15,Australia,10,Victoria,1200,Nillumbik - South
15,Australia,10,Victoria,1201,Nillumbik  - South-West
15,Australia,10,Victoria,1202,Nillumbik Bal
15,Australia,10,Victoria,1203,Port Phillip - St Kilda
15,Australia,10,Victoria,1204,Port Phillip - West
15,Australia,10,Victoria,1205,Pyrenees - North
15,Australia,10,Victoria,1206,Pyrenees - South
15,Australia,10,Victoria,1207,Queenscliffe
15,Australia,10,Victoria,1208,S. Grampians - Hamilton
15,Australia,10,Victoria,1209,S. Grampians - Wannon
15,Australia,10,Victoria,1210,S. Grampians Bal
15,Australia,10,Victoria,1211,South Barwon - Inner
15,Australia,10,Victoria,1212,South Gippsland - Central
15,Australia,10,Victoria,1213,South Gippsland - East
15,Australia,10,Victoria,1214,South Gippsland - West
15,Australia,10,Victoria,1215,Stonnington - Malvern
15,Australia,10,Victoria,1216,Stonnington - Prahran
15,Australia,10,Victoria,1217,Strathbogie
15,Australia,10,Victoria,1218,Surf Coast - East
15,Australia,10,Victoria,1219,Surf Coast - West
15,Australia,10,Victoria,1220,Swan Hill - Central
15,Australia,10,Victoria,1221,Swan Hill - Robinvale
15,Australia,10,Victoria,1222,Swan Hill Bal
15,Australia,10,Victoria,1223,Towong - Pt A
15,Australia,10,Victoria,1224,Towong - Pt B
15,Australia,10,Victoria,1225,Wangaratta - Central
15,Australia,10,Victoria,1226,Wangaratta - North
15,Australia,10,Victoria,1227,Wangaratta - South
15,Australia,10,Victoria,1228,Warrnambool
15,Australia,10,Victoria,1229,Wellington - Alberton
15,Australia,10,Victoria,1230,Wellington - Avon
15,Australia,10,Victoria,1231,Wellington - Maffra
15,Australia,10,Victoria,1232,Wellington - Rosedale
15,Australia,10,Victoria,1233,Wellington - Sale
15,Australia,10,Victoria,1234,West Wimmera
15,Australia,10,Victoria,1235,Whitehorse - Box Hill
15,Australia,10,Victoria,1236,Whitehorse - Nunawading E.
15,Australia,10,Victoria,1237,Whitehorse  - Nunawading W.
15,Australia,10,Victoria,1238,Whittlesea - North
15,Australia,10,Victoria,1239,Whittlesea  - South-East
15,Australia,10,Victoria,1240,Whittlesea  - South-West
15,Australia,10,Victoria,1241,Wodonga
15,Australia,10,Victoria,1242,Wyndham - North
15,Australia,10,Victoria,1243,Wyndham - South
15,Australia,10,Victoria,1244,Wyndham - West
15,Australia,10,Victoria,1245,Yarra - North
15,Australia,10,Victoria,1246,Yarra - Richmond
15,Australia,10,Victoria,1247,Yarra Ranges - Central
15,Australia,10,Victoria,1248,Yarra Ranges - Dandenongs
15,Australia,10,Victoria,1249,Yarra Ranges - Lilydale
15,Australia,10,Victoria,1250,Yarra Ranges - North
15,Australia,10,Victoria,1251,Yarra Ranges - Pt B
15,Australia,10,Victoria,1252,Yarra Ranges - Seville
15,Australia,10,Victoria,1253,Yarriambiack - North
15,Australia,10,Victoria,1254,Yarriambiack - South
15,Australia,11,Western Australia,1255,Albany
15,Australia,11,Western Australia,1256,Armadale
15,Australia,11,Western Australia,1257,Ashburton
15,Australia,11,Western Australia,1258,Augusta-Margaret River
15,Australia,11,Western Australia,1259,Bassendean
15,Australia,11,Western Australia,1260,Bayswater
15,Australia,11,Western Australia,1261,Belmont
15,Australia,11,Western Australia,1262,Beverley
15,Australia,11,Western Australia,1263,Boddington
15,Australia,11,Western Australia,1264,Boyup Brook
15,Australia,11,Western Australia,1265,Bridgetown-Greenbushes
15,Australia,11,Western Australia,1266,Brookton
15,Australia,11,Western Australia,1267,Broomehill
15,Australia,11,Western Australia,1268,Broome
15,Australia,11,Western Australia,1269,Bruce Rock
15,Australia,11,Western Australia,1270,Bunbury
15,Australia,11,Western Australia,1271,Busselton
15,Australia,11,Western Australia,1272,Cambridge
15,Australia,11,Western Australia,1273,Canning
15,Australia,11,Western Australia,1274,Capel
15,Australia,11,Western Australia,1275,Carnamah
15,Australia,11,Western Australia,1276,Carnarvon
15,Australia,11,Western Australia,1277,Chapman Valley
15,Australia,11,Western Australia,1278,Chittering
15,Australia,11,Western Australia,1279,Claremont
15,Australia,11,Western Australia,1280,Cockburn
15,Australia,11,Western Australia,1281,Collie
15,Australia,11,Western Australia,1282,Coolgardie
15,Australia,11,Western Australia,1283,Coorow
15,Australia,11,Western Australia,1284,Corrigin
15,Australia,11,Western Australia,1285,Cottesloe
15,Australia,11,Western Australia,1286,Cranbrook
15,Australia,11,Western Australia,1287,Cuballing
15,Australia,11,Western Australia,1288,Cue
15,Australia,11,Western Australia,1289,Cunderdin
15,Australia,11,Western Australia,1290,Dalwallinu
15,Australia,11,Western Australia,1291,Dandaragan
15,Australia,11,Western Australia,1292,Dardanup
15,Australia,11,Western Australia,1293,Denmark
15,Australia,11,Western Australia,1294,Derby-West Kimberley
15,Australia,11,Western Australia,1295,Donnybrook-Balingup
15,Australia,11,Western Australia,1296,Dowerin
15,Australia,11,Western Australia,1297,Dumbleyung
15,Australia,11,Western Australia,1298,Dundas
15,Australia,11,Western Australia,1299,East Fremantle
15,Australia,11,Western Australia,1300,East Pilbara
15,Australia,11,Western Australia,1301,Esperance
15,Australia,11,Western Australia,1302,Exmouth
15,Australia,11,Western Australia,1303,Fremantle
15,Australia,11,Western Australia,1304,Geraldton
15,Australia,11,Western Australia,1305,Gingin
15,Australia,11,Western Australia,1306,Gnowangerup
15,Australia,11,Western Australia,1307,Goomalling
15,Australia,11,Western Australia,1308,Gosnells
15,Australia,11,Western Australia,1309,Greenough
15,Australia,11,Western Australia,1310,Halls Creek
15,Australia,11,Western Australia,1311,Harvey
15,Australia,11,Western Australia,1312,Irwin
15,Australia,11,Western Australia,1313,Jerramungup
15,Australia,11,Western Australia,1314,Joondalup
15,Australia,11,Western Australia,1315,Kalamunda
15,Australia,11,Western Australia,1316,Kalgoorlie/Boulder
15,Australia,11,Western Australia,1317,Katanning
15,Australia,11,Western Australia,1318,Kellerberrin
15,Australia,11,Western Australia,1319,Kent
15,Australia,11,Western Australia,1320,Kojonup
15,Australia,11,Western Australia,1321,Kondinin
15,Australia,11,Western Australia,1322,Koorda
15,Australia,11,Western Australia,1323,Kulin
15,Australia,11,Western Australia,1324,Kwinana
15,Australia,11,Western Australia,1325,Lake Grace
15,Australia,11,Western Australia,1326,Laverton
15,Australia,11,Western Australia,1327,Leonora
15,Australia,11,Western Australia,1328,Mandurah
15,Australia,11,Western Australia,1329,Manjimup
15,Australia,11,Western Australia,1330,Meekatharra
15,Australia,11,Western Australia,1331,Melville
15,Australia,11,Western Australia,1332,Menzies
15,Australia,11,Western Australia,1333,Merredin
15,Australia,11,Western Australia,1334,Mingenew
15,Australia,11,Western Australia,1335,Moora
15,Australia,11,Western Australia,1336,Morawa
15,Australia,11,Western Australia,1337,Mosman Park
15,Australia,11,Western Australia,1338,Mount Magnet
15,Australia,11,Western Australia,1339,Mount Marshall
15,Australia,11,Western Australia,1340,Mukinbudin
15,Australia,11,Western Australia,1341,Mullewa
15,Australia,11,Western Australia,1342,Mundaring
15,Australia,11,Western Australia,1343,Murchison
15,Australia,11,Western Australia,1344,Murray
15,Australia,11,Western Australia,1345,n.a.3
15,Australia,11,Western Australia,1346,Nannup
15,Australia,11,Western Australia,1347,Narembeen
15,Australia,11,Western Australia,1348,Narrogin
15,Australia,11,Western Australia,1349,Nedlands
15,Australia,11,Western Australia,1350,Ngaanyatjarraku
15,Australia,11,Western Australia,1351,Northampton
15,Australia,11,Western Australia,1352,Northam
15,Australia,11,Western Australia,1353,Nungarin
15,Australia,11,Western Australia,1354,Peppermint Grove
15,Australia,11,Western Australia,1355,Perenjori
15,Australia,11,Western Australia,1356,Perth
15,Australia,11,Western Australia,1357,Pingelly
15,Australia,11,Western Australia,1358,Plantagenet
15,Australia,11,Western Australia,1359,Port Hedland
15,Australia,11,Western Australia,1360,Quairading
15,Australia,11,Western Australia,1361,Ravensthorpe
15,Australia,11,Western Australia,1362,Rockingham
15,Australia,11,Western Australia,1363,Roebourne
15,Australia,11,Western Australia,1364,Sandstone
15,Australia,11,Western Australia,1365,Serpentine-Jarrahdale
15,Australia,11,Western Australia,1366,Shark Bay
15,Australia,11,Western Australia,1367,South Perth
15,Australia,11,Western Australia,1368,Stirling
15,Australia,11,Western Australia,1369,Subiaco
15,Australia,11,Western Australia,1370,Swan
15,Australia,11,Western Australia,1371,Tambellup
15,Australia,11,Western Australia,1372,Tammin
15,Australia,11,Western Australia,1373,Three Springs
15,Australia,11,Western Australia,1374,Toodyay
15,Australia,11,Western Australia,1375,Trayning
15,Australia,11,Western Australia,1376,Upper Gascoyne
15,Australia,11,Western Australia,1377,Victoria Park
