105,India,1,Andaman and Nicobar,1,n.a. ( 2304)
105,India,1,Andaman and Nicobar,2,n.a. ( 2178)
105,India,1,Andaman and Nicobar,3,n.a. ( 2178)
105,India,2,Andhra Pradesh,4,Anantapur
105,India,2,Andhra Pradesh,5,Dharmavaram
105,India,2,Andhra Pradesh,6,Gooty
105,India,2,Andhra Pradesh,7,Hindupur
105,India,2,Andhra Pradesh,8,Kadiri
105,India,2,Andhra Pradesh,9,Kalyandurg
105,India,2,Andhra Pradesh,10,Madakasira
105,India,2,Andhra Pradesh,11,Penukonda
105,India,2,Andhra Pradesh,12,Rayadurg
105,India,2,Andhra Pradesh,13,Tadpatri
105,India,2,Andhra Pradesh,14,Chandragiri
105,India,2,Andhra Pradesh,15,Chittoor
105,India,2,Andhra Pradesh,16,Kuppam
105,India,2,Andhra Pradesh,17,Madanapalle
105,India,2,Andhra Pradesh,18,Palmaner
105,India,2,Andhra Pradesh,19,Punganuru
105,India,2,Andhra Pradesh,20,Puttur
105,India,2,Andhra Pradesh,21,Satyavedu
105,India,2,Andhra Pradesh,22,Sri Kalahasti
105,India,2,Andhra Pradesh,23,Vayalipad
105,India,2,Andhra Pradesh,24,Addatigala
105,India,2,Andhra Pradesh,25,Amalapuram
105,India,2,Andhra Pradesh,26,Kakinada
105,India,2,Andhra Pradesh,27,Kottapeta
105,India,2,Andhra Pradesh,28,Mummidivaram
105,India,2,Andhra Pradesh,29,Peddapuram
105,India,2,Andhra Pradesh,30,Pithapuram
105,India,2,Andhra Pradesh,31,Prathipadu
105,India,2,Andhra Pradesh,32,Rajahmundry
105,India,2,Andhra Pradesh,33,Ramachandrapuram
105,India,2,Andhra Pradesh,34,Rampa Chodavaram
105,India,2,Andhra Pradesh,35,Razole
105,India,2,Andhra Pradesh,36,Tuni
105,India,2,Andhra Pradesh,37,Bapatla
105,India,2,Andhra Pradesh,38,Guntur
105,India,2,Andhra Pradesh,39,Guruzala
105,India,2,Andhra Pradesh,40,Narasaraopet
105,India,2,Andhra Pradesh,41,Repalle
105,India,2,Andhra Pradesh,42,Sattenapalle
105,India,2,Andhra Pradesh,43,Tenali
105,India,2,Andhra Pradesh,44,Vinukonda
105,India,2,Andhra Pradesh,45,Avanigadda
105,India,2,Andhra Pradesh,46,Gannavaram
105,India,2,Andhra Pradesh,47,Gudivada
105,India,2,Andhra Pradesh,48,Jaggayyapeta
105,India,2,Andhra Pradesh,49,Kaikalur
105,India,2,Andhra Pradesh,50,Machilipatnam
105,India,2,Andhra Pradesh,51,Nandigama
105,India,2,Andhra Pradesh,52,Nuzvid
105,India,2,Andhra Pradesh,53,Tiruvuru
105,India,2,Andhra Pradesh,54,Vijayawada
105,India,2,Andhra Pradesh,55,Adoni
105,India,2,Andhra Pradesh,56,Allagadda
105,India,2,Andhra Pradesh,57,Alur
105,India,2,Andhra Pradesh,58,Atmakur
105,India,2,Andhra Pradesh,59,Banganapalli
105,India,2,Andhra Pradesh,60,Dhone
105,India,2,Andhra Pradesh,61,Koilkuntla
105,India,2,Andhra Pradesh,62,Kurnool
105,India,2,Andhra Pradesh,63,Nandikotkur
105,India,2,Andhra Pradesh,64,Nandyal
105,India,2,Andhra Pradesh,65,Pattikonda
105,India,2,Andhra Pradesh,66,Atmakur
105,India,2,Andhra Pradesh,67,Gudur
105,India,2,Andhra Pradesh,68,Kavali
105,India,2,Andhra Pradesh,69,Kovvur
105,India,2,Andhra Pradesh,70,n.a. ( 1971)
105,India,2,Andhra Pradesh,71,n.a. ( 1975)
105,India,2,Andhra Pradesh,72,n.a. ( 1983)
105,India,2,Andhra Pradesh,73,n.a. ( 1991)
105,India,2,Andhra Pradesh,74,n.a. ( 1992)
105,India,2,Andhra Pradesh,75,n.a. ( 1997)
105,India,2,Andhra Pradesh,76,n.a. ( 1998)
105,India,2,Andhra Pradesh,77,n.a. ( 2000)
105,India,2,Andhra Pradesh,78,n.a. ( 2002)
105,India,2,Andhra Pradesh,79,Nellore
105,India,2,Andhra Pradesh,80,Rapur
105,India,2,Andhra Pradesh,81,Suluru
105,India,2,Andhra Pradesh,82,Udayagiri
105,India,2,Andhra Pradesh,83,Venkatagiri
105,India,2,Andhra Pradesh,84,Addanki
105,India,2,Andhra Pradesh,85,Chirala
105,India,2,Andhra Pradesh,86,Darsi
105,India,2,Andhra Pradesh,87,Giddalur
105,India,2,Andhra Pradesh,88,Kandukur
105,India,2,Andhra Pradesh,89,Kanigiri
105,India,2,Andhra Pradesh,90,Markapur
105,India,2,Andhra Pradesh,91,Ongole
105,India,2,Andhra Pradesh,92,Podili
105,India,2,Andhra Pradesh,93,Chipurupalle
105,India,2,Andhra Pradesh,94,Ichchapuram
105,India,2,Andhra Pradesh,95,Narsannapeta
105,India,2,Andhra Pradesh,96,Palakonda
105,India,2,Andhra Pradesh,97,Pathapatnam
105,India,2,Andhra Pradesh,98,Sompeta
105,India,2,Andhra Pradesh,99,Srikakulam
105,India,2,Andhra Pradesh,100,Tekkali
105,India,2,Andhra Pradesh,101,Anakapalli
105,India,2,Andhra Pradesh,102,Bhimunipatnam
105,India,2,Andhra Pradesh,103,Chintapalle
105,India,2,Andhra Pradesh,104,Chodavaram
105,India,2,Andhra Pradesh,105,n.a. ( 1651)
105,India,2,Andhra Pradesh,106,Narsipatnam
105,India,2,Andhra Pradesh,107,Paderu
105,India,2,Andhra Pradesh,108,Vishakhapatnam
105,India,2,Andhra Pradesh,109,Yellamanchili
105,India,2,Andhra Pradesh,110,Bobbili
105,India,2,Andhra Pradesh,111,Gajapatinagaram
105,India,2,Andhra Pradesh,112,n.a. ( 1607)
105,India,2,Andhra Pradesh,113,Parvathipuram
105,India,2,Andhra Pradesh,114,Puspatirega
105,India,2,Andhra Pradesh,115,Salur
105,India,2,Andhra Pradesh,116,Srungavarapukota
105,India,2,Andhra Pradesh,117,Vizianagaram
105,India,2,Andhra Pradesh,118,Bhimavaram
105,India,2,Andhra Pradesh,119,Chintalapudi
105,India,2,Andhra Pradesh,120,Eluru
105,India,2,Andhra Pradesh,121,Kovvur
105,India,2,Andhra Pradesh,122,Narsapur
105,India,2,Andhra Pradesh,123,Polavaram
105,India,2,Andhra Pradesh,124,Tadepallegudem
105,India,2,Andhra Pradesh,125,Tanuku
105,India,2,Andhra Pradesh,126,Badvel
105,India,2,Andhra Pradesh,127,Cuddapah
105,India,2,Andhra Pradesh,128,Jammalamadugu
105,India,2,Andhra Pradesh,129,Kamalapuram
105,India,2,Andhra Pradesh,130,Proddatur
105,India,2,Andhra Pradesh,131,Pulivendla
105,India,2,Andhra Pradesh,132,Rajampet
105,India,2,Andhra Pradesh,133,Rayachoti
105,India,2,Andhra Pradesh,134,Sidhout
105,India,3,Arunachal Pradesh,135,Tezu
105,India,3,Arunachal Pradesh,136,n.a. ( 347)
105,India,3,Arunachal Pradesh,137,Amini
105,India,3,Arunachal Pradesh,138,Seepa
105,India,3,Arunachal Pradesh,139,Pasighat
105,India,3,Arunachal Pradesh,140,Itanagar
105,India,3,Arunachal Pradesh,141,Tezu
105,India,3,Arunachal Pradesh,142,Tirap
105,India,3,Arunachal Pradesh,143,Amini
105,India,3,Arunachal Pradesh,144,Itanagar
105,India,3,Arunachal Pradesh,145,Tezu
105,India,3,Arunachal Pradesh,146,Itanagar
105,India,3,Arunachal Pradesh,147,Tawang
105,India,3,Arunachal Pradesh,148,Tirap
105,India,3,Arunachal Pradesh,149,Along
105,India,3,Arunachal Pradesh,150,Daporijo
105,India,3,Arunachal Pradesh,151,Bomdila
105,India,3,Arunachal Pradesh,152,Along
105,India,4,Assam,153,Berpeta
105,India,4,Assam,154,Guwahati
105,India,4,Assam,155,Nalbari
105,India,4,Assam,156,Berpeta
105,India,4,Assam,157,Kokrajhar
105,India,4,Assam,158,Silchar
105,India,4,Assam,159,Kokrajhar
105,India,4,Assam,160,Mangaldai
105,India,4,Assam,161,Dhemaji
105,India,4,Assam,162,Gauripur
105,India,4,Assam,163,Dibrugarh
105,India,4,Assam,164,Haflong
105,India,4,Assam,165,Goalpara
105,India,4,Assam,166,Golaghat
105,India,4,Assam,167,Hailakandi
105,India,4,Assam,168,Jorhat
105,India,4,Assam,169,Guwahati
105,India,4,Assam,170,Guwahati
105,India,4,Assam,171,Diphu
105,India,4,Assam,172,n.a. ( 571)
105,India,4,Assam,173,Karimganj
105,India,4,Assam,174,Kokrajhar
105,India,4,Assam,175,Lakhimpur
105,India,4,Assam,176,Nagaon
105,India,4,Assam,177,Nagaon
105,India,4,Assam,178,Nalbari
105,India,4,Assam,179,Sibsagar
105,India,4,Assam,180,Tezpur
105,India,4,Assam,181,Chapakhowa
105,India,4,Assam,182,Tinsukia
105,India,4,Assam,183,Mangaldai
105,India,5,Bihar,184,Araria
105,India,5,Bihar,185,Jahanabad
105,India,5,Bihar,186,Aurangabad
105,India,5,Bihar,187,Banka
105,India,5,Bihar,188,Begusarai
105,India,5,Bihar,189,Bhagalpur
105,India,5,Bihar,190,Naugachhia
105,India,5,Bihar,191,Ara
105,India,5,Bihar,192,Buxar
105,India,5,Bihar,193,Benipur
105,India,5,Bihar,194,Darbhanga
105,India,5,Bihar,195,Gaya
105,India,5,Bihar,196,Gopalganj
105,India,5,Bihar,197,Jamui
105,India,5,Bihar,198,Jahanabad
105,India,5,Bihar,199,Bhabua
105,India,5,Bihar,200,Katihar
105,India,5,Bihar,201,Khagaria
105,India,5,Bihar,202,Kishanganj
105,India,5,Bihar,203,Lakhisarai
105,India,5,Bihar,204,Kishanganj
105,India,5,Bihar,205,Madhepura
105,India,5,Bihar,206,Benipatti
105,India,5,Bihar,207,Jhanjharpur
105,India,5,Bihar,208,Madhubani
105,India,5,Bihar,209,Munger
105,India,5,Bihar,210,Muzaffarpur
105,India,5,Bihar,211,n.a. ( 542)
105,India,5,Bihar,212,Bihar Sharif
105,India,5,Bihar,213,Hilsa
105,India,5,Bihar,214,Nawada
105,India,5,Bihar,215,Bettiah
105,India,5,Bihar,216,Barh
105,India,5,Bihar,217,Danapur
105,India,5,Bihar,218,Masaurhi
105,India,5,Bihar,219,n.a. ( 652)
105,India,5,Bihar,220,Dhaka
105,India,5,Bihar,221,Motihari
105,India,5,Bihar,222,Purnia
105,India,5,Bihar,223,Sasaram
105,India,5,Bihar,224,Saharsa
105,India,5,Bihar,225,Dalsing Sarai
105,India,5,Bihar,226,Rusera
105,India,5,Bihar,227,Samastipur
105,India,5,Bihar,228,Chhapra
105,India,5,Bihar,229,Sheikhpura
105,India,5,Bihar,230,Sheohar
105,India,5,Bihar,231,n.a. ( 455)
105,India,5,Bihar,232,Sitamarhi
105,India,5,Bihar,233,Siwan
105,India,5,Bihar,234,Birpur
105,India,5,Bihar,235,Supaul
105,India,5,Bihar,236,Hajipur
105,India,6,Chandigarh,237,Chandigarh
105,India,7,Chhattisgarh,238,Baloda Bazar
105,India,7,Chhattisgarh,239,Bhatapara
105,India,7,Chhattisgarh,240,Bilaigarh
105,India,7,Chhattisgarh,241,Kasdol
105,India,7,Chhattisgarh,242,Simga
105,India,7,Chhattisgarh,243,Balod
105,India,7,Chhattisgarh,244,Ambikapur
105,India,7,Chhattisgarh,245,Kusmi
105,India,7,Chhattisgarh,246,Ramanuj Ganj
105,India,7,Chhattisgarh,247,Jagdalpur
105,India,7,Chhattisgarh,248,n.a. ( 1547)
105,India,7,Chhattisgarh,249,n.a. ( 1608)
105,India,7,Chhattisgarh,250,Bemetara
105,India,7,Chhattisgarh,251,Bijapur
105,India,7,Chhattisgarh,252,Bilaspur
105,India,7,Chhattisgarh,253,Kota
105,India,7,Chhattisgarh,254,n.a. ( 1152)
105,India,7,Chhattisgarh,255,Pendra Road
105,India,7,Chhattisgarh,256,Takhatpur
105,India,7,Chhattisgarh,257,Dantewara
105,India,7,Chhattisgarh,258,Dhamtari
105,India,7,Chhattisgarh,259,Durg
105,India,7,Chhattisgarh,260,Bindra Nawagarh
105,India,7,Chhattisgarh,261,Champa
105,India,7,Chhattisgarh,262,Janjgir
105,India,7,Chhattisgarh,263,Sakti
105,India,7,Chhattisgarh,264,Bagicha
105,India,7,Chhattisgarh,265,Jashpurnagar
105,India,7,Chhattisgarh,266,Pathalgaon
105,India,7,Chhattisgarh,267,Kawardha
105,India,7,Chhattisgarh,268,Pandaria
105,India,7,Chhattisgarh,269,Kondagaon
105,India,7,Chhattisgarh,270,Katghora
105,India,7,Chhattisgarh,271,Korba
105,India,7,Chhattisgarh,272,Baikunthpur
105,India,7,Chhattisgarh,273,Bharatpur
105,India,7,Chhattisgarh,274,Manendragarh
105,India,7,Chhattisgarh,275,Mahasamund
105,India,7,Chhattisgarh,276,Seraipali
105,India,7,Chhattisgarh,277,Mungeli
105,India,7,Chhattisgarh,278,Narainpur
105,India,7,Chhattisgarh,279,Dharmjaygarh
105,India,7,Chhattisgarh,280,Gharghoda
105,India,7,Chhattisgarh,281,n.a. ( 1156)
105,India,7,Chhattisgarh,282,Raigarh
105,India,7,Chhattisgarh,283,Sarangarh
105,India,7,Chhattisgarh,284,Raipur
105,India,7,Chhattisgarh,285,Rajim
105,India,7,Chhattisgarh,286,Chhuikhadan
105,India,7,Chhattisgarh,287,Dongargarh
105,India,7,Chhattisgarh,288,Khairagarh
105,India,7,Chhattisgarh,289,Raj Nandgaon
105,India,7,Chhattisgarh,290,Konta
105,India,7,Chhattisgarh,291,Partabpur
105,India,7,Chhattisgarh,292,Surajpur
105,India,7,Chhattisgarh,293,Ambikapur
105,India,7,Chhattisgarh,294,Lundra
105,India,7,Chhattisgarh,295,Sitapur
105,India,7,Chhattisgarh,296,Bhanupratappur
105,India,7,Chhattisgarh,297,Kanker
105,India,7,Chhattisgarh,298,n.a. ( 1475)
105,India,7,Chhattisgarh,299,Pakhanjur
105,India,8,Dadra and Nagar Haveli,300,Silvassa
105,India,9,Daman and Diu,301,Daman
105,India,9,Daman and Diu,302,Diu
105,India,10,Goa,303,Dicholi
105,India,10,Goa,304,Mapuca
105,India,10,Goa,305,n.a. ( 1882)
105,India,10,Goa,306,Panaji
105,India,10,Goa,307,Pernem
105,India,10,Goa,308,Ponda
105,India,10,Goa,309,Valpoy
105,India,10,Goa,310,Chauri
105,India,10,Goa,311,Madgaon
105,India,10,Goa,312,Quepem
105,India,10,Goa,313,Sambaji
105,India,10,Goa,314,Sanguem
105,India,11,Gujarat,315,Ahmadabad
105,India,11,Gujarat,316,Dhandhuka
105,India,11,Gujarat,317,Dholka
105,India,11,Gujarat,318,Sanand
105,India,11,Gujarat,319,Viramgam
105,India,11,Gujarat,320,Amreli
105,India,11,Gujarat,321,Babra
105,India,11,Gujarat,322,Dhari
105,India,11,Gujarat,323,Jafarabad
105,India,11,Gujarat,324,Khambha
105,India,11,Gujarat,325,Kundla
105,India,11,Gujarat,326,Lathi
105,India,11,Gujarat,327,Lilia
105,India,11,Gujarat,328,n.a. ( 1307)
105,India,11,Gujarat,329,n.a. ( 1370)
105,India,11,Gujarat,330,n.a. ( 1375)
105,India,11,Gujarat,331,Rajula
105,India,11,Gujarat,332,Vadia
105,India,11,Gujarat,333,Anand
105,India,11,Gujarat,334,Borsad
105,India,11,Gujarat,335,Khambhat
105,India,11,Gujarat,336,Petlad
105,India,11,Gujarat,337,Bayad
105,India,11,Gujarat,338,Bhiloda
105,India,11,Gujarat,339,Meghraj
105,India,11,Gujarat,340,Modasa
105,India,11,Gujarat,341,Danta
105,India,11,Gujarat,342,Dhanera
105,India,11,Gujarat,343,Disa
105,India,11,Gujarat,344,Diyodar
105,India,11,Gujarat,345,Kankrej
105,India,11,Gujarat,346,Palanpur
105,India,11,Gujarat,347,Tharad
105,India,11,Gujarat,348,Vadgam
105,India,11,Gujarat,349,Vav
105,India,11,Gujarat,350,Amod
105,India,11,Gujarat,351,Ankleshwar
105,India,11,Gujarat,352,Bharuch
105,India,11,Gujarat,353,Hansot Mahal
105,India,11,Gujarat,354,Jambusar
105,India,11,Gujarat,355,Jhagadia
105,India,11,Gujarat,356,Vagra
105,India,11,Gujarat,357,Valia
105,India,11,Gujarat,358,Bhavnagar
105,India,11,Gujarat,359,Gariyadhar
105,India,11,Gujarat,360,Ghogha
105,India,11,Gujarat,361,Mahuva
105,India,11,Gujarat,362,n.a. ( 1154)
105,India,11,Gujarat,363,n.a. ( 1198)
105,India,11,Gujarat,364,n.a. ( 1199)
105,India,11,Gujarat,365,n.a. ( 1202)
105,India,11,Gujarat,366,n.a. ( 1232)
105,India,11,Gujarat,367,Palitana
105,India,11,Gujarat,368,Sihor
105,India,11,Gujarat,369,Talaja
105,India,11,Gujarat,370,Umrala
105,India,11,Gujarat,371,Valabhipur
105,India,11,Gujarat,372,Botad
105,India,11,Gujarat,373,Gadhada
105,India,11,Gujarat,374,Chhota Udaipur
105,India,11,Gujarat,375,Jetpur Pavi
105,India,11,Gujarat,376,Naswadi
105,India,11,Gujarat,377,Sankheda
105,India,11,Gujarat,378,Tilakwada
105,India,11,Gujarat,379,Dahod
105,India,11,Gujarat,380,Devgadh Bariya
105,India,11,Gujarat,381,Jhalod
105,India,11,Gujarat,382,Limkheda
105,India,11,Gujarat,383,Bhanvad
105,India,11,Gujarat,384,Dwarka
105,India,11,Gujarat,385,Kalyanpur
105,India,11,Gujarat,386,Khambhaliya
105,India,11,Gujarat,387,Dahegam
105,India,11,Gujarat,388,Gandhinagar
105,India,11,Gujarat,389,Kalol
105,India,11,Gujarat,390,Kodinar
105,India,11,Gujarat,391,Talala
105,India,11,Gujarat,392,Veraval
105,India,11,Gujarat,393,Dhrol
105,India,11,Gujarat,394,Jam Jodhpur
105,India,11,Gujarat,395,Jamnagar
105,India,11,Gujarat,396,Jodiya
105,India,11,Gujarat,397,Kalavad
105,India,11,Gujarat,398,Lalpur
105,India,11,Gujarat,399,n.a. ( 1037)
105,India,11,Gujarat,400,n.a. ( 1049)
105,India,11,Gujarat,401,n.a. ( 1082)
105,India,11,Gujarat,402,n.a. ( 1087)
105,India,11,Gujarat,403,n.a. ( 1089)
105,India,11,Gujarat,404,n.a. ( 1090)
105,India,11,Gujarat,405,n.a. ( 1096)
105,India,11,Gujarat,406,n.a. ( 1103)
105,India,11,Gujarat,407,n.a. ( 1106)
105,India,11,Gujarat,408,Bhesan
105,India,11,Gujarat,409,Junagadh
105,India,11,Gujarat,410,Keshod
105,India,11,Gujarat,411,Maliya
105,India,11,Gujarat,412,Manavadar
105,India,11,Gujarat,413,Mangrol
105,India,11,Gujarat,414,Mendarda
105,India,11,Gujarat,415,n.a. ( 1315)
105,India,11,Gujarat,416,n.a. ( 1337)
105,India,11,Gujarat,417,Una
105,India,11,Gujarat,418,Vanthli
105,India,11,Gujarat,419,Visavadar
105,India,11,Gujarat,420,Anjar
105,India,11,Gujarat,421,Bhachau
105,India,11,Gujarat,422,Bhuj
105,India,11,Gujarat,423,Lakhpat
105,India,11,Gujarat,424,Mandvi
105,India,26,Odisha,1483,Athagarh
105,India,26,Odisha,1484,Banki
105,India,26,Odisha,1485,Cuttack
105,India,26,Odisha,1486,Deogarh
105,India,26,Odisha,1487,Dhenkanal
105,India,26,Odisha,1488,Hindola
105,India,26,Odisha,1489,Kamakhyanagar
105,India,26,Odisha,1490,Paralakhemundi
105,India,26,Odisha,1491,Brahmapur
105,India,26,Odisha,1492,Chatrapur
105,India,26,Odisha,1493,n.a. ( 1460)
105,India,26,Odisha,1494,Jagatsinghpur
105,India,26,Odisha,1495,Jajapur
105,India,26,Odisha,1496,Jharsuguda
105,India,26,Odisha,1497,Bhawanipatna
105,India,26,Odisha,1498,Dharamgarh
105,India,26,Odisha,1499,Ghumsur
105,India,26,Odisha,1500,Phulbani
105,India,26,Odisha,1501,Kendraparha
105,India,26,Odisha,1502,Anandapur
105,India,26,Odisha,1503,Champua
105,India,26,Odisha,1504,Kendujhar
105,India,26,Odisha,1505,Bhubaneshwar
105,India,26,Odisha,1506,Khordha
105,India,29,Rajasthan,1766,Gangapur
105,India,29,Rajasthan,1767,Khandar
105,India,29,Rajasthan,1768,Sawai Madhopur
105,India,29,Rajasthan,1769,Fatehpur
105,India,29,Rajasthan,1770,Lachhmangarh
105,India,29,Rajasthan,1771,Nim ka Thana
105,India,29,Rajasthan,1772,Shri Madhopur
105,India,29,Rajasthan,1773,Sikar
105,India,29,Rajasthan,1774,Abu Road
105,India,29,Rajasthan,1775,Pindwara
105,India,29,Rajasthan,1776,Revdar
105,India,29,Rajasthan,1777,Shivganj
105,India,29,Rajasthan,1778,Sirohi
105,India,29,Rajasthan,1779,Devli
105,India,29,Rajasthan,1780,Malpura
105,India,29,Rajasthan,1781,Niwai
105,India,29,Rajasthan,1782,Toda Raisingh
105,India,29,Rajasthan,1783,Tonk
105,India,29,Rajasthan,1784,Uniara
105,India,29,Rajasthan,1785,Gogunda
105,India,29,Rajasthan,1786,Kherwara
105,India,29,Rajasthan,1787,Kotra
105,India,29,Rajasthan,1788,Lasadia
105,India,29,Rajasthan,1789,Phalsiya
105,India,11,Gujarat,425,Mundra
105,India,11,Gujarat,426,n.a. ( 1070)
105,India,11,Gujarat,427,n.a. ( 1074)
105,India,11,Gujarat,428,n.a. ( 1075)
105,India,11,Gujarat,429,n.a. ( 913)
105,India,11,Gujarat,430,Nakhtarana
105,India,11,Gujarat,431,Naliya
105,India,11,Gujarat,432,Rapar
105,India,11,Gujarat,433,Kapadvanj
105,India,11,Gujarat,434,Mahemdavad
105,India,11,Gujarat,435,Matar
105,India,11,Gujarat,436,Nadiad
105,India,11,Gujarat,437,Thasra
105,India,11,Gujarat,438,Vadasinor
105,India,11,Gujarat,439,Chanasma
105,India,11,Gujarat,440,Kadi
105,India,11,Gujarat,441,Kheralu
105,India,11,Gujarat,442,Mahesana
105,India,11,Gujarat,443,Vijapur
105,India,11,Gujarat,444,Visnagar
105,India,11,Gujarat,445,Lunavada
105,India,11,Gujarat,446,Santrampur
105,India,11,Gujarat,447,Halvad
105,India,11,Gujarat,448,Maliya Miyana
105,India,11,Gujarat,449,Morbi
105,India,11,Gujarat,450,Wankaner
105,India,11,Gujarat,451,Dediapada
105,India,11,Gujarat,452,Rajpipla
105,India,11,Gujarat,453,Sagbara
105,India,11,Gujarat,454,Chikhli
105,India,11,Gujarat,455,Gandevi
105,India,11,Gujarat,456,Navsari
105,India,11,Gujarat,457,Vansada
105,India,11,Gujarat,458,Godhra
105,India,11,Gujarat,459,Halol
105,India,11,Gujarat,460,Jambughoda
105,India,11,Gujarat,461,Kalol
105,India,11,Gujarat,462,Shehera
105,India,11,Gujarat,463,Harij
105,India,11,Gujarat,464,n.a. ( 922)
105,India,11,Gujarat,465,n.a. ( 930)
105,India,11,Gujarat,466,Patan
105,India,11,Gujarat,467,Radhanpur
105,India,11,Gujarat,468,Sami
105,India,11,Gujarat,469,Santalpur
105,India,11,Gujarat,470,Siddhapur
105,India,11,Gujarat,471,Kutiyana
105,India,11,Gujarat,472,Porbandar
105,India,11,Gujarat,473,Ranavav
105,India,11,Gujarat,474,Dhoraji
105,India,11,Gujarat,475,Gondal
105,India,11,Gujarat,476,Jam Kandorna
105,India,11,Gujarat,477,Jasdan
105,India,11,Gujarat,478,Jetpur
105,India,11,Gujarat,479,Kotda Sangani
105,India,11,Gujarat,480,Lodhi ka Mahal
105,India,11,Gujarat,481,n.a. ( 1171)
105,India,11,Gujarat,482,n.a. ( 1182)
105,India,11,Gujarat,483,Padadhari
105,India,11,Gujarat,484,Rajkot
105,India,11,Gujarat,485,Upleta
105,India,11,Gujarat,486,Himatnagar
105,India,11,Gujarat,487,Idar
105,India,11,Gujarat,488,Khed Brahma
105,India,11,Gujarat,489,Prantij
105,India,11,Gujarat,490,Vijayanagar
105,India,11,Gujarat,491,Bardoli
105,India,11,Gujarat,492,Chorasi
105,India,11,Gujarat,493,Kamrej
105,India,11,Gujarat,494,Mahuva
105,India,11,Gujarat,495,Mandvi
105,India,11,Gujarat,496,Mangrol
105,India,11,Gujarat,497,n.a. ( 1327)
105,India,11,Gujarat,498,n.a. ( 1344)
105,India,11,Gujarat,499,n.a. ( 1348)
105,India,11,Gujarat,500,n.a. ( 1349)
105,India,11,Gujarat,501,n.a. ( 1352)
105,India,11,Gujarat,502,n.a. ( 1359)
105,India,11,Gujarat,503,Olpad
105,India,11,Gujarat,504,Palsana
105,India,11,Gujarat,505,Chotila
105,India,11,Gujarat,506,Dasada
105,India,11,Gujarat,507,Dhrangadhra
105,India,11,Gujarat,508,Lakhtar
105,India,11,Gujarat,509,Limbdi
105,India,11,Gujarat,510,Muli
105,India,11,Gujarat,511,Sayla
105,India,11,Gujarat,512,Wadhwan
105,India,11,Gujarat,513,Nijhar
105,India,11,Gujarat,514,Songadh
105,India,11,Gujarat,515,Uchchhal
105,India,11,Gujarat,516,Valod
105,India,11,Gujarat,517,Vyara
105,India,11,Gujarat,518,Ahwa
105,India,11,Gujarat,519,Dabhoi
105,India,11,Gujarat,520,Karjan
105,India,11,Gujarat,521,Padra
105,India,11,Gujarat,522,Savli
105,India,11,Gujarat,523,Sinor
105,India,11,Gujarat,524,Vadodara
105,India,11,Gujarat,525,Waghoriya
105,India,11,Gujarat,526,Dharampur
105,India,11,Gujarat,527,Pardi
105,India,11,Gujarat,528,Umargam
105,India,11,Gujarat,529,Valsad
105,India,12,Haryana,530,Ambala
105,India,12,Haryana,531,Narayangarh
105,India,12,Haryana,532,Bawani Khera
105,India,12,Haryana,533,Bhiwani
105,India,12,Haryana,534,Dadri
105,India,12,Haryana,535,Loharu
105,India,12,Haryana,536,Siwani
105,India,12,Haryana,537,Faridabad
105,India,12,Haryana,538,Hathin
105,India,12,Haryana,539,Fatehabad
105,India,12,Haryana,540,Ratia
105,India,12,Haryana,541,Tohana
105,India,12,Haryana,542,Gurgaon
105,India,12,Haryana,543,Pataudi
105,India,12,Haryana,544,Hansi
105,India,12,Haryana,545,Hisar
105,India,12,Haryana,546,Bahadurgarh
105,India,12,Haryana,547,Jhajjar
105,India,12,Haryana,548,Kosli
105,India,12,Haryana,549,Jind
105,India,12,Haryana,550,Narwana
105,India,12,Haryana,551,Safidon
105,India,12,Haryana,552,Gulha
105,India,12,Haryana,553,Kaithal
105,India,12,Haryana,554,Asandh
105,India,12,Haryana,555,Karnal
105,India,12,Haryana,556,Pehowa
105,India,12,Haryana,557,Thanesar
105,India,12,Haryana,558,Mahendragarh
105,India,12,Haryana,559,Narnaul
105,India,12,Haryana,560,Firozpur Jhirka
105,India,12,Haryana,561,Nuh
105,India,12,Haryana,562,Palwal
105,India,12,Haryana,563,Kalka
105,India,12,Haryana,564,Panipat
105,India,12,Haryana,565,Bawal
105,India,12,Haryana,566,Rewari
105,India,12,Haryana,567,Maham
105,India,12,Haryana,568,Rohtak
105,India,12,Haryana,569,Dabwali
105,India,12,Haryana,570,Sirsa
105,India,12,Haryana,571,Ganaur
105,India,12,Haryana,572,Gohana
105,India,12,Haryana,573,Sonipat
105,India,12,Haryana,574,Jagadhri
105,India,13,Himachal Pradesh,575,Bilaspur
105,India,13,Himachal Pradesh,576,Ghumarwin
105,India,13,Himachal Pradesh,577,Brahmaur
105,India,13,Himachal Pradesh,578,Chamba
105,India,13,Himachal Pradesh,579,Chaurah
105,India,13,Himachal Pradesh,580,Dalhousie
105,India,13,Himachal Pradesh,581,Pangi
105,India,13,Himachal Pradesh,582,Saluni
105,India,13,Himachal Pradesh,583,Barsar
105,India,13,Himachal Pradesh,584,Bhoranj
105,India,13,Himachal Pradesh,585,Hamirpur
105,India,13,Himachal Pradesh,586,Nadaun
105,India,13,Himachal Pradesh,587,Baijnath
105,India,13,Himachal Pradesh,588,Baroh
105,India,13,Himachal Pradesh,589,Dera Gopipur
105,India,13,Himachal Pradesh,590,Dharmshala
105,India,13,Himachal Pradesh,591,Indora
105,India,13,Himachal Pradesh,592,Jaisinghpur
105,India,13,Himachal Pradesh,593,Jawali
105,India,13,Himachal Pradesh,594,Kangra
105,India,13,Himachal Pradesh,595,n.a. ( 42)
105,India,13,Himachal Pradesh,596,Nurpur
105,India,13,Himachal Pradesh,597,Palampur
105,India,13,Himachal Pradesh,598,Kalpa
105,India,13,Himachal Pradesh,599,Morang
105,India,13,Himachal Pradesh,600,n.a. ( 35)
105,India,13,Himachal Pradesh,601,Nichar
105,India,13,Himachal Pradesh,602,Puh
105,India,13,Himachal Pradesh,603,Sangla
105,India,13,Himachal Pradesh,604,Ani
105,India,13,Himachal Pradesh,605,Banjar
105,India,13,Himachal Pradesh,606,Kullu
105,India,13,Himachal Pradesh,607,Nermand
105,India,13,Himachal Pradesh,608,Kyelang
105,India,13,Himachal Pradesh,609,Spiti
105,India,13,Himachal Pradesh,610,Chachyot
105,India,13,Himachal Pradesh,611,Jogindarnagar
105,India,13,Himachal Pradesh,612,Karsog
105,India,13,Himachal Pradesh,613,Mandi
105,India,13,Himachal Pradesh,614,Sarkaghat
105,India,13,Himachal Pradesh,615,Sundarnagar
105,India,13,Himachal Pradesh,616,Thunag
105,India,13,Himachal Pradesh,617,Chaupal
105,India,13,Himachal Pradesh,618,Jubbal
105,India,13,Himachal Pradesh,619,Kotkhai
105,India,13,Himachal Pradesh,620,Kumharsain
105,India,13,Himachal Pradesh,621,n.a. ( 75)
105,India,13,Himachal Pradesh,622,n.a. ( 89)
105,India,13,Himachal Pradesh,623,Rampur
105,India,13,Himachal Pradesh,624,Rohru
105,India,13,Himachal Pradesh,625,Shimla
105,India,13,Himachal Pradesh,626,Suni
105,India,13,Himachal Pradesh,627,Theog
105,India,13,Himachal Pradesh,628,Nahan
105,India,13,Himachal Pradesh,629,Pachhad
105,India,13,Himachal Pradesh,630,Paonta
105,India,13,Himachal Pradesh,631,Rajgarh
105,India,13,Himachal Pradesh,632,Renuka
105,India,13,Himachal Pradesh,633,Shilla
105,India,13,Himachal Pradesh,634,Arki
105,India,13,Himachal Pradesh,635,Kandaghat
105,India,13,Himachal Pradesh,636,Kasauli
105,India,13,Himachal Pradesh,637,Nalagarh
105,India,13,Himachal Pradesh,638,Solan
105,India,13,Himachal Pradesh,639,Amb
105,India,13,Himachal Pradesh,640,Una
105,India,14,Jammu and Kashmir,641,n.a. ( 6)
105,India,14,Jammu and Kashmir,642,n.a. ( 8)
105,India,14,Jammu and Kashmir,643,n.a. ( 4)
105,India,14,Jammu and Kashmir,644,n.a. ( 4)
105,India,14,Jammu and Kashmir,645,n.a. ( 7)
105,India,14,Jammu and Kashmir,646,n.a. ( 5a)
105,India,14,Jammu and Kashmir,647,n.a. ( 5b)
105,India,14,Jammu and Kashmir,648,n.a. ( 16)
105,India,14,Jammu and Kashmir,649,n.a. ( 3)
105,India,14,Jammu and Kashmir,650,n.a. ( 20)
105,India,14,Jammu and Kashmir,651,n.a. ( 7)
105,India,14,Jammu and Kashmir,652,n.a. ( 10)
105,India,14,Jammu and Kashmir,653,n.a. ( 6)
105,India,14,Jammu and Kashmir,654,n.a. ( 2)
105,India,14,Jammu and Kashmir,655,n.a. ( 1)
105,India,14,Jammu and Kashmir,656,n.a. ( 9)
105,India,14,Jammu and Kashmir,657,n.a. ( 10)
105,India,14,Jammu and Kashmir,658,n.a. ( 11)
105,India,14,Jammu and Kashmir,659,n.a. ( 12)
105,India,14,Jammu and Kashmir,660,n.a. ( 12)
105,India,14,Jammu and Kashmir,661,n.a. ( 16)
105,India,14,Jammu and Kashmir,662,n.a. ( 10)
105,India,14,Jammu and Kashmir,663,n.a. ( 5c)
105,India,14,Jammu and Kashmir,664,n.a. ( 15)
105,India,15,Jharkhand,665,Bermo
105,India,15,Jharkhand,666,n.a. ( 902)
105,India,15,Jharkhand,667,Chatra
105,India,15,Jharkhand,668,Devghar
105,India,15,Jharkhand,669,Baghmara
105,India,15,Jharkhand,670,Dhanbad
105,India,15,Jharkhand,671,Dumka
105,India,15,Jharkhand,672,Garhwa
105,India,15,Jharkhand,673,Giridih
105,India,15,Jharkhand,674,Godda
105,India,15,Jharkhand,675,Gumla
105,India,15,Jharkhand,676,Hazaribag
105,India,15,Jharkhand,677,Jamtara
105,India,15,Jharkhand,678,Khunti
105,India,15,Jharkhand,679,Kodarma
105,India,15,Jharkhand,680,Latehar
105,India,15,Jharkhand,681,Lohardaga
105,India,15,Jharkhand,682,Pakaur
105,India,15,Jharkhand,683,Daltenganj
105,India,15,Jharkhand,684,Chaibasa
105,India,15,Jharkhand,685,Chakradharpur
105,India,15,Jharkhand,686,Jamshedpur
105,India,15,Jharkhand,687,Hazaribag
105,India,15,Jharkhand,688,Khunti
105,India,15,Jharkhand,689,Ranchi
105,India,15,Jharkhand,690,Sahibganj
105,India,15,Jharkhand,691,Saraikela
105,India,15,Jharkhand,692,Simdega
105,India,16,Karnataka,693,Badami
105,India,16,Karnataka,694,Bagalkot
105,India,16,Karnataka,695,Bilgi
105,India,16,Karnataka,696,Hungund
105,India,16,Karnataka,697,Jamkhandi
105,India,16,Karnataka,698,Mudhol
105,India,16,Karnataka,699,Devanhalli
105,India,16,Karnataka,700,Dod Ballapur
105,India,16,Karnataka,701,Hoskote
105,India,16,Karnataka,702,Nelamangala
105,India,16,Karnataka,703,Anekal
105,India,16,Karnataka,704,Bangalore
105,India,16,Karnataka,705,n.a. ( 2050)
105,India,16,Karnataka,706,Athni
105,India,16,Karnataka,707,Bail Hongal
105,India,16,Karnataka,708,Belgaum
105,India,16,Karnataka,709,Chikodi
105,India,16,Karnataka,710,Gokak
105,India,16,Karnataka,711,Hukeri
105,India,16,Karnataka,712,Khanapur
105,India,16,Karnataka,713,Ramdurg
105,India,16,Karnataka,714,Raybag
105,India,16,Karnataka,715,Saundatti
105,India,16,Karnataka,716,Bellary
105,India,16,Karnataka,717,Hagaribommanahalli
105,India,16,Karnataka,718,Hospet
105,India,16,Karnataka,719,Huvvinahadagalli
105,India,16,Karnataka,720,Kudligi
105,India,16,Karnataka,721,Sandur
105,India,16,Karnataka,722,Siruguppa
105,India,16,Karnataka,723,Aurad
105,India,16,Karnataka,724,Basavakalyan
105,India,16,Karnataka,725,Bhalki
105,India,16,Karnataka,726,Bidar
105,India,16,Karnataka,727,Homnabad
105,India,16,Karnataka,728,Basavana Bagevadi
105,India,16,Karnataka,729,Bijapur
105,India,16,Karnataka,730,Indi
105,India,16,Karnataka,731,Muddebihal
105,India,16,Karnataka,732,Sindgi
105,India,16,Karnataka,733,Chamrajnagar
105,India,16,Karnataka,734,Gundlupet
105,India,16,Karnataka,735,Kollegal
105,India,16,Karnataka,736,Yelandur
105,India,16,Karnataka,737,Bagepalli
105,India,16,Karnataka,738,Chik Ballapur
105,India,16,Karnataka,739,Chintamani
105,India,16,Karnataka,740,Gauribidanur
105,India,16,Karnataka,741,Gudibanda
105,India,16,Karnataka,742,Sidlaghatta
105,India,16,Karnataka,743,Chikmagalur
105,India,16,Karnataka,744,Kadur
105,India,16,Karnataka,745,Koppa
105,India,16,Karnataka,746,Mudigere
105,India,16,Karnataka,747,Narasimharajapura
105,India,16,Karnataka,748,Sringeri
105,India,16,Karnataka,749,Tarikere
105,India,16,Karnataka,750,Challakere
105,India,16,Karnataka,751,Chitradurga
105,India,16,Karnataka,752,Hiriyur
105,India,16,Karnataka,753,Holalkere
105,India,16,Karnataka,754,Hosdurga
105,India,16,Karnataka,755,Molakalmuru
105,India,16,Karnataka,756,Bantval
105,India,16,Karnataka,757,Beltangadi
105,India,16,Karnataka,758,Mangalore
105,India,16,Karnataka,759,Puttur
105,India,16,Karnataka,760,Sulya
105,India,16,Karnataka,761,Bhadravati
105,India,16,Karnataka,762,Channagiri
105,India,16,Karnataka,763,Davangere
105,India,16,Karnataka,764,Harihar
105,India,16,Karnataka,765,Harpanahalli
105,India,16,Karnataka,766,Honnali
105,India,16,Karnataka,767,Jagalur
105,India,16,Karnataka,768,Dharwad
105,India,16,Karnataka,769,Hubli
105,India,16,Karnataka,770,Kalghatgi
105,India,16,Karnataka,771,Kundgol
105,India,16,Karnataka,772,n.a. ( 1897)
105,India,16,Karnataka,773,Navalgund
105,India,16,Karnataka,774,Gadag
105,India,16,Karnataka,775,Mundargi
105,India,16,Karnataka,776,Nargund
105,India,16,Karnataka,777,Ron
105,India,16,Karnataka,778,Shirhatti
105,India,16,Karnataka,779,Afzalpur
105,India,16,Karnataka,780,Aland
105,India,16,Karnataka,781,Chincholi
105,India,16,Karnataka,782,Chitapur
105,India,16,Karnataka,783,Gulbarga
105,India,16,Karnataka,784,Jevargi
105,India,16,Karnataka,785,Seram
105,India,16,Karnataka,786,Alur
105,India,16,Karnataka,787,Arkalgud
105,India,16,Karnataka,788,Arsikere
105,India,16,Karnataka,789,Belur
105,India,16,Karnataka,790,Channarayapatna
105,India,16,Karnataka,791,Hassan
105,India,16,Karnataka,792,Holenarsipur
105,India,16,Karnataka,793,Sakleshpur
105,India,16,Karnataka,794,Byadgi
105,India,16,Karnataka,795,Hangal
105,India,16,Karnataka,796,Haveri
105,India,16,Karnataka,797,Hirekerur
105,India,16,Karnataka,798,Ranibennur
105,India,16,Karnataka,799,Savanur
105,India,16,Karnataka,800,Shiggaon
105,India,16,Karnataka,801,Madikeri
105,India,16,Karnataka,802,Somvarpet
105,India,16,Karnataka,803,Virarajendrapet
105,India,16,Karnataka,804,Bangarapet
105,India,16,Karnataka,805,Kolar
105,India,16,Karnataka,806,Malur
105,India,16,Karnataka,807,Mulbagal
105,India,16,Karnataka,808,Srinivaspur
105,India,16,Karnataka,809,Gangawati
105,India,16,Karnataka,810,Koppal
105,India,16,Karnataka,811,Kushtagi
105,India,16,Karnataka,812,Yelbarga
105,India,16,Karnataka,813,Krishnarajpet
105,India,16,Karnataka,814,Maddur
105,India,16,Karnataka,815,Malavalli
105,India,16,Karnataka,816,Mandya
105,India,16,Karnataka,817,Nagamangala
105,India,16,Karnataka,818,Pandavapura
105,India,16,Karnataka,819,Shrirangapattana
105,India,16,Karnataka,820,Heggadadevankote
105,India,16,Karnataka,821,Hunsur
105,India,16,Karnataka,822,Krishnarajanagara
105,India,16,Karnataka,823,Mysore
105,India,16,Karnataka,824,Nanjangud
105,India,16,Karnataka,825,Piriyapatna
105,India,16,Karnataka,826,Tirumakudal Narsipur
105,India,16,Karnataka,827,Deodrug
105,India,16,Karnataka,828,Lingsugur
105,India,16,Karnataka,829,Manvi
105,India,16,Karnataka,830,Raichur
105,India,16,Karnataka,831,Sindhnur
105,India,16,Karnataka,832,Channapatna
105,India,16,Karnataka,833,Kanakapura
105,India,16,Karnataka,834,Magadi
105,India,16,Karnataka,835,Ramanagaram
105,India,16,Karnataka,836,Hosanagara
105,India,16,Karnataka,837,Sagar
105,India,16,Karnataka,838,Shikarpur
105,India,16,Karnataka,839,Shimoga
105,India,16,Karnataka,840,Sorab
105,India,16,Karnataka,841,Tirthalli
105,India,16,Karnataka,842,Chiknayakanhalli
105,India,16,Karnataka,843,Gubbi
105,India,16,Karnataka,844,Koratagere
105,India,16,Karnataka,845,Kunigal
105,India,16,Karnataka,846,Madhugiri
105,India,16,Karnataka,847,Pavagada
105,India,16,Karnataka,848,Sira
105,India,16,Karnataka,849,Tiptur
105,India,16,Karnataka,850,Tumkur
105,India,16,Karnataka,851,Turuvekere
105,India,16,Karnataka,852,Karkal
105,India,16,Karnataka,853,Kundapura
105,India,16,Karnataka,854,Udupi
105,India,16,Karnataka,855,Ankola
105,India,16,Karnataka,856,Bhatkal
105,India,16,Karnataka,857,Haliyal
105,India,16,Karnataka,858,Honavar
105,India,16,Karnataka,859,Karwar
105,India,16,Karnataka,860,Kumta
105,India,16,Karnataka,861,Mundgod
105,India,16,Karnataka,862,Siddapur
105,India,16,Karnataka,863,Sirsi
105,India,16,Karnataka,864,Supa
105,India,16,Karnataka,865,Yellapur
105,India,16,Karnataka,866,Shahpur
105,India,16,Karnataka,867,Shorapur
105,India,16,Karnataka,868,Yadgir
105,India,17,Kerala,869,Alleppey
105,India,17,Kerala,870,Chengannur
105,India,17,Kerala,871,Haripad
105,India,17,Kerala,872,Mankombu
105,India,17,Kerala,873,Mavelikara
105,India,17,Kerala,874,n.a. ( 2250)
105,India,17,Kerala,875,Shertallai
105,India,17,Kerala,876,Alwaye
105,India,17,Kerala,877,Cochin
105,India,17,Kerala,878,Ernakulam
105,India,17,Kerala,879,Kotamangalam
105,India,17,Kerala,880,Muvattupula
105,India,17,Kerala,881,Parur
105,India,17,Kerala,882,Perumbavur
105,India,17,Kerala,883,Devikolam
105,India,17,Kerala,884,Pirmed
105,India,17,Kerala,885,Todupulai
105,India,17,Kerala,886,Udumbanchola
105,India,17,Kerala,887,Cannanore
105,India,17,Kerala,888,Talipparamba
105,India,17,Kerala,889,Tellicherry
105,India,17,Kerala,890,Hosdurg
105,India,17,Kerala,891,Kasaragod
105,India,17,Kerala,892,Karunagapalli
105,India,17,Kerala,893,Kottarakara
105,India,17,Kerala,894,Kunnattur
105,India,17,Kerala,895,Punalur
105,India,17,Kerala,896,Quilon
105,India,17,Kerala,897,Changanacheri
105,India,17,Kerala,898,Kanjirapalli
105,India,17,Kerala,899,Kottayam
105,India,17,Kerala,900,Pala (Lalam)
105,India,17,Kerala,901,Vaikam
105,India,17,Kerala,902,Kozhikode
105,India,17,Kerala,903,Mahe
105,India,17,Kerala,904,Quilandi
105,India,17,Kerala,905,Malappuram
105,India,17,Kerala,906,Perintalmanna
105,India,17,Kerala,907,Ponnani
105,India,17,Kerala,908,Tirur
105,India,17,Kerala,909,Alattur
105,India,17,Kerala,910,Chittur
105,India,17,Kerala,911,Mannarkkad
105,India,17,Kerala,912,Ottappalam
105,India,17,Kerala,913,Palghat
105,India,17,Kerala,914,Adur
105,India,17,Kerala,915,Mallapalli
105,India,17,Kerala,916,n.a. ( 2275)
105,India,17,Kerala,917,Rani
105,India,17,Kerala,918,Tiruvalla
105,India,17,Kerala,919,Chirayinkil
105,India,17,Kerala,920,Nedumangad
105,India,17,Kerala,921,Neyyattinkara
105,India,17,Kerala,922,Trivandrum
105,India,17,Kerala,923,Chavakkad
105,India,17,Kerala,924,Irinjalakuda
105,India,17,Kerala,925,Kodungallur
105,India,17,Kerala,926,Trichur
105,India,17,Kerala,927,Vadakkancheri
105,India,17,Kerala,928,Manantavadi
105,India,17,Kerala,929,Sultans Battery
105,India,17,Kerala,930,Vayittiri
105,India,18,Lakshadweep,931,Amini Island
105,India,18,Lakshadweep,932,Androth Island
105,India,18,Lakshadweep,933,Kavaratti
105,India,18,Lakshadweep,934,Minicoy Island
105,India,18,Lakshadweep,935,n.a. ( 2239)
105,India,19,Madhya Pradesh,936,Agar
105,India,19,Madhya Pradesh,937,Susner
105,India,19,Madhya Pradesh,938,Alirajpur
105,India,19,Madhya Pradesh,939,Jobat
105,India,19,Madhya Pradesh,940,Anuppur
105,India,19,Madhya Pradesh,941,Ashoknagar
105,India,19,Madhya Pradesh,942,Chanderi
105,India,19,Madhya Pradesh,943,Mungaoli
105,India,19,Madhya Pradesh,944,Baihar
105,India,19,Madhya Pradesh,945,Balaghat
105,India,19,Madhya Pradesh,946,Lanji
105,India,19,Madhya Pradesh,947,Waraseoni
105,India,19,Madhya Pradesh,948,Barwani
105,India,19,Madhya Pradesh,949,Pansemal
105,India,19,Madhya Pradesh,950,Rajpur
105,India,19,Madhya Pradesh,951,Sendhwa
105,India,19,Madhya Pradesh,952,Betul
105,India,19,Madhya Pradesh,953,Bhainsdehi
105,India,19,Madhya Pradesh,954,Multai
105,India,19,Madhya Pradesh,955,Bhind
105,India,19,Madhya Pradesh,956,Gohad
105,India,19,Madhya Pradesh,957,Lahar
105,India,19,Madhya Pradesh,958,Mahgawan
105,India,19,Madhya Pradesh,959,Berasia
105,India,19,Madhya Pradesh,960,Bhopal
105,India,19,Madhya Pradesh,961,Burhanpur
105,India,19,Madhya Pradesh,962,Bijawar
105,India,19,Madhya Pradesh,963,Chhatarpur
105,India,19,Madhya Pradesh,964,Lauri
105,India,19,Madhya Pradesh,965,Amarwara
105,India,19,Madhya Pradesh,966,Chhindwara
105,India,19,Madhya Pradesh,967,Parasia
105,India,19,Madhya Pradesh,968,Sausar
105,India,19,Madhya Pradesh,969,Damoh
105,India,19,Madhya Pradesh,970,Hatta
105,India,19,Madhya Pradesh,971,Bhander
105,India,19,Madhya Pradesh,972,Datia
105,India,19,Madhya Pradesh,973,Seondha
105,India,19,Madhya Pradesh,974,Bagli
105,India,19,Madhya Pradesh,975,Dewas
105,India,19,Madhya Pradesh,976,Kannod
105,India,19,Madhya Pradesh,977,Khategaon
105,India,19,Madhya Pradesh,978,Sonkach
105,India,19,Madhya Pradesh,979,Badnawar
105,India,19,Madhya Pradesh,980,Dhar
105,India,19,Madhya Pradesh,981,Kukshi
105,India,19,Madhya Pradesh,982,Manawar
105,India,19,Madhya Pradesh,983,Sardarpur
105,India,19,Madhya Pradesh,984,Dindori
105,India,19,Madhya Pradesh,985,Harsud
105,India,19,Madhya Pradesh,986,Khandwa
105,India,19,Madhya Pradesh,987,Chachaura
105,India,19,Madhya Pradesh,988,Guna
105,India,19,Madhya Pradesh,989,Raghogarh
105,India,19,Madhya Pradesh,990,Dabra
105,India,19,Madhya Pradesh,991,Gwalior
105,India,19,Madhya Pradesh,992,Harda
105,India,19,Madhya Pradesh,993,Babai
105,India,19,Madhya Pradesh,994,Hoshangabad
105,India,19,Madhya Pradesh,995,Itarsi
105,India,19,Madhya Pradesh,996,Piparia
105,India,19,Madhya Pradesh,997,Seonimalwa
105,India,19,Madhya Pradesh,998,Sohagpur
105,India,19,Madhya Pradesh,999,Depalpur
105,India,19,Madhya Pradesh,1000,Indore
105,India,19,Madhya Pradesh,1001,Mhow
105,India,19,Madhya Pradesh,1002,Sanwer
105,India,19,Madhya Pradesh,1003,Jabalpur
105,India,19,Madhya Pradesh,1004,Patan
105,India,19,Madhya Pradesh,1005,Jhabua
105,India,19,Madhya Pradesh,1006,Petlawad
105,India,19,Madhya Pradesh,1007,Thandla
105,India,19,Madhya Pradesh,1008,Murwara
105,India,19,Madhya Pradesh,1009,Sihora
105,India,19,Madhya Pradesh,1010,Mandla
105,India,19,Madhya Pradesh,1011,Niwas
105,India,19,Madhya Pradesh,1012,Bhanpura
105,India,19,Madhya Pradesh,1013,Garot
105,India,19,Madhya Pradesh,1014,Malhargarh
105,India,19,Madhya Pradesh,1015,Mandsaur
105,India,19,Madhya Pradesh,1016,Sitamau
105,India,19,Madhya Pradesh,1017,Ambah
105,India,19,Madhya Pradesh,1018,Jora
105,India,19,Madhya Pradesh,1019,Morena
105,India,19,Madhya Pradesh,1020,Sabalgarh
105,India,19,Madhya Pradesh,1021,Gadarwara
105,India,19,Madhya Pradesh,1022,Narsimhapur
105,India,19,Madhya Pradesh,1023,Jawad
105,India,19,Madhya Pradesh,1024,Manasa
105,India,19,Madhya Pradesh,1025,Nimach
105,India,19,Madhya Pradesh,1026,Ajaigarh
105,India,19,Madhya Pradesh,1027,Panna
105,India,19,Madhya Pradesh,1028,Pawai
105,India,19,Madhya Pradesh,1029,Bareli
105,India,19,Madhya Pradesh,1030,Begamganj
105,India,19,Madhya Pradesh,1031,Gairatganj
105,India,19,Madhya Pradesh,1032,Goharganj
105,India,19,Madhya Pradesh,1033,Raisen
105,India,19,Madhya Pradesh,1034,Silvani
105,India,19,Madhya Pradesh,1035,Udaipura
105,India,19,Madhya Pradesh,1036,Biaora
105,India,19,Madhya Pradesh,1037,Khilchipur
105,India,19,Madhya Pradesh,1038,Narsinghgarh
105,India,19,Madhya Pradesh,1039,Rajgarh
105,India,19,Madhya Pradesh,1040,Sarangpur
105,India,19,Madhya Pradesh,1041,Alot
105,India,19,Madhya Pradesh,1042,Jaora
105,India,19,Madhya Pradesh,1043,Ratlam
105,India,19,Madhya Pradesh,1044,Sailana
105,India,19,Madhya Pradesh,1045,Mauganj
105,India,19,Madhya Pradesh,1046,Rewa
105,India,19,Madhya Pradesh,1047,Sirmaur
105,India,19,Madhya Pradesh,1048,Teonthar
105,India,19,Madhya Pradesh,1049,Banda
105,India,19,Madhya Pradesh,1050,Khurai
105,India,19,Madhya Pradesh,1051,Rehli
105,India,19,Madhya Pradesh,1052,Sagar
105,India,19,Madhya Pradesh,1053,Amarpatan
105,India,19,Madhya Pradesh,1054,Maihar
105,India,19,Madhya Pradesh,1055,Nagod
105,India,19,Madhya Pradesh,1056,Satna
105,India,19,Madhya Pradesh,1057,Ashta
105,India,19,Madhya Pradesh,1058,Budhni
105,India,19,Madhya Pradesh,1059,Ichhawar
105,India,19,Madhya Pradesh,1060,Nasrullahganj
105,India,19,Madhya Pradesh,1061,Sehore
105,India,19,Madhya Pradesh,1062,Lakhnadon
105,India,19,Madhya Pradesh,1063,Seoni
105,India,19,Madhya Pradesh,1064,Beohari
105,India,19,Madhya Pradesh,1065,Jaisinghnagar
105,India,19,Madhya Pradesh,1066,Rajendragram
105,India,19,Madhya Pradesh,1067,Shahdol
105,India,19,Madhya Pradesh,1068,Shajapur
105,India,19,Madhya Pradesh,1069,Shujalpur
105,India,19,Madhya Pradesh,1070,Bijaipur
105,India,19,Madhya Pradesh,1071,Sheopur
105,India,19,Madhya Pradesh,1072,Karera
105,India,19,Madhya Pradesh,1073,Kolaras
105,India,19,Madhya Pradesh,1074,Pichor
105,India,19,Madhya Pradesh,1075,Pohri
105,India,19,Madhya Pradesh,1076,Shivpuri
105,India,19,Madhya Pradesh,1077,Sidhi
105,India,19,Madhya Pradesh,1078,Devsar
105,India,19,Madhya Pradesh,1079,Singrauli
105,India,19,Madhya Pradesh,1080,Jatara
105,India,19,Madhya Pradesh,1081,Nivari
105,India,19,Madhya Pradesh,1082,Tikamgarh
105,India,19,Madhya Pradesh,1083,Barnagar
105,India,19,Madhya Pradesh,1084,Khachrod
105,India,19,Madhya Pradesh,1085,Mehidpur
105,India,19,Madhya Pradesh,1086,Tarana
105,India,19,Madhya Pradesh,1087,Ujjain
105,India,19,Madhya Pradesh,1088,Bandhogarh
105,India,19,Madhya Pradesh,1089,Basoda
105,India,19,Madhya Pradesh,1090,Korwai
105,India,19,Madhya Pradesh,1091,Leteri
105,India,19,Madhya Pradesh,1092,Sironj
105,India,19,Madhya Pradesh,1093,Vidisha
105,India,19,Madhya Pradesh,1094,Barwah
105,India,19,Madhya Pradesh,1095,Bhagwanpur
105,India,19,Madhya Pradesh,1096,Bhikangaon
105,India,19,Madhya Pradesh,1097,Jhirnia
105,India,19,Madhya Pradesh,1098,Kasrawad
105,India,19,Madhya Pradesh,1099,Khargon
105,India,19,Madhya Pradesh,1100,Maheshwar
105,India,19,Madhya Pradesh,1101,Segaon
105,India,20,Maharashtra,1102,Ahmadnagar
105,India,20,Maharashtra,1103,Akola
105,India,20,Maharashtra,1104,Karjat
105,India,20,Maharashtra,1105,Kopargaon
105,India,20,Maharashtra,1106,Nevasa
105,India,20,Maharashtra,1107,Parner
105,India,20,Maharashtra,1108,Pathardi
105,India,20,Maharashtra,1109,Rahuri
105,India,20,Maharashtra,1110,Sangamner
105,India,20,Maharashtra,1111,Shevgaon
105,India,20,Maharashtra,1112,Shrigonda
105,India,20,Maharashtra,1113,Shrirampur
105,India,20,Maharashtra,1114,Akola
105,India,20,Maharashtra,1115,Akot
105,India,20,Maharashtra,1116,Barsi Takli
105,India,20,Maharashtra,1117,Murtajapur
105,India,20,Maharashtra,1118,Patur
105,India,20,Maharashtra,1119,Telhara
105,India,20,Maharashtra,1120,Achalpur
105,India,20,Maharashtra,1121,Amravati
105,India,20,Maharashtra,1122,Anjangaon
105,India,20,Maharashtra,1123,Bhatkuli Jain
105,India,20,Maharashtra,1124,Chandur Bazar
105,India,20,Maharashtra,1125,Chandur
105,India,20,Maharashtra,1126,Chikhaldara
105,India,20,Maharashtra,1127,Daryapur
105,India,20,Maharashtra,1128,Dharni
105,India,20,Maharashtra,1129,Morshi
105,India,20,Maharashtra,1130,Nandgaon Khandeshwar
105,India,20,Maharashtra,1131,Tivsa
105,India,20,Maharashtra,1132,Warud
105,India,20,Maharashtra,1133,Aurangabad
105,India,20,Maharashtra,1134,Gangapur
105,India,20,Maharashtra,1135,Kannad
105,India,20,Maharashtra,1136,Khuldabad
105,India,20,Maharashtra,1137,Paithan
105,India,20,Maharashtra,1138,Sillod
105,India,20,Maharashtra,1139,Soygaon
105,India,20,Maharashtra,1140,Vaijapur
105,India,20,Maharashtra,1141,Amgaon
105,India,20,Maharashtra,1142,Bhandara
105,India,20,Maharashtra,1143,Lakhandur
105,India,20,Maharashtra,1144,Mohari
105,India,20,Maharashtra,1145,Pawni
105,India,20,Maharashtra,1146,Sakoli
105,India,20,Maharashtra,1147,Salekasa
105,India,20,Maharashtra,1148,Tumsar
105,India,20,Maharashtra,1149,Ambajogai
105,India,20,Maharashtra,1150,Ashti
105,India,20,Maharashtra,1151,Bid
105,India,20,Maharashtra,1152,Gevrai
105,India,20,Maharashtra,1153,Jamkhed
105,India,20,Maharashtra,1154,Kaij
105,India,20,Maharashtra,1155,Majalgaon
105,India,20,Maharashtra,1156,Patoda
105,India,20,Maharashtra,1157,Chikhli
105,India,20,Maharashtra,1158,Jalgaon
105,India,20,Maharashtra,1159,Lonar
105,India,20,Maharashtra,1160,Malkapur
105,India,20,Maharashtra,1161,n.a. ( 1378)
105,India,20,Maharashtra,1162,Nandura
105,India,20,Maharashtra,1163,Sangrampur
105,India,20,Maharashtra,1164,Sindkhed Raja
105,India,20,Maharashtra,1165,Bhadravathi
105,India,20,Maharashtra,1166,Bramhapuri
105,India,20,Maharashtra,1167,Chandrapur
105,India,20,Maharashtra,1168,Chimur
105,India,20,Maharashtra,1169,Gond Pipri
105,India,20,Maharashtra,1170,Mul
105,India,20,Maharashtra,1171,Nagbhir
105,India,20,Maharashtra,1172,Rajura
105,India,20,Maharashtra,1173,Sindewahi
105,India,20,Maharashtra,1174,Warora
105,India,20,Maharashtra,1175,Dhule
105,India,20,Maharashtra,1176,Sakri
105,India,20,Maharashtra,1177,Shirpur
105,India,20,Maharashtra,1178,Sindkheda
105,India,20,Maharashtra,1179,Ahiri
105,India,20,Maharashtra,1180,Armori
105,India,20,Maharashtra,1181,Chamursi
105,India,20,Maharashtra,1182,Dhanora
105,India,20,Maharashtra,1183,Garhchiroli
105,India,20,Maharashtra,1184,Itapalli
105,India,20,Maharashtra,1185,Kurkheda
105,India,20,Maharashtra,1186,Sironcha
105,India,20,Maharashtra,1187,Arjuni Morgaon
105,India,20,Maharashtra,1188,Deori
105,India,20,Maharashtra,1189,Gondia
105,India,20,Maharashtra,1190,Goregaon
105,India,20,Maharashtra,1191,Tirora
105,India,20,Maharashtra,1192,Basmat
105,India,20,Maharashtra,1193,Hingoli
105,India,20,Maharashtra,1194,Kalamnuri
105,India,20,Maharashtra,1195,Amalner
105,India,20,Maharashtra,1196,Bhadgaon
105,India,20,Maharashtra,1197,Bhusawal
105,India,20,Maharashtra,1198,Chalisgaon
105,India,20,Maharashtra,1199,Chopda
105,India,20,Maharashtra,1200,Edalabad
105,India,20,Maharashtra,1201,Erandol
105,India,20,Maharashtra,1202,Jalgaon
105,India,20,Maharashtra,1203,Jamner
105,India,20,Maharashtra,1204,Pachora
105,India,20,Maharashtra,1205,Parola
105,India,20,Maharashtra,1206,Raver
105,India,20,Maharashtra,1207,Yaval
105,India,20,Maharashtra,1208,Ambad
105,India,20,Maharashtra,1209,Bhokardan
105,India,20,Maharashtra,1210,Jalna
105,India,20,Maharashtra,1211,n.a. ( 1456)
105,India,20,Maharashtra,1212,Partur
105,India,20,Maharashtra,1213,Ajra
105,India,20,Maharashtra,1214,Bavda
105,India,20,Maharashtra,1215,Chandgad
105,India,20,Maharashtra,1216,Gadhinglaj
105,India,20,Maharashtra,1217,Gargoti
105,India,20,Maharashtra,1218,Hatkalangda
105,India,20,Maharashtra,1219,Kagal
105,India,20,Maharashtra,1220,Kolhapur
105,India,20,Maharashtra,1221,Panhala
105,India,20,Maharashtra,1222,Radhanagari
105,India,20,Maharashtra,1223,Shahuwadi
105,India,20,Maharashtra,1224,Shirol
105,India,20,Maharashtra,1225,Ahmadpur
105,India,20,Maharashtra,1226,Ausa
105,India,20,Maharashtra,1227,Latur
105,India,20,Maharashtra,1228,Nilanga
105,India,20,Maharashtra,1229,Udgir
105,India,20,Maharashtra,1230,Bombay
105,India,20,Maharashtra,1231,n.a. ( 1556)
105,India,20,Maharashtra,1232,n.a. ( 1557)
105,India,20,Maharashtra,1233,n.a. ( 1558)
105,India,20,Maharashtra,1234,n.a. ( 1565)
105,India,20,Maharashtra,1235,n.a. ( 1569)
105,India,20,Maharashtra,1236,n.a. ( 1571)
105,India,20,Maharashtra,1237,Bhiwapur
105,India,20,Maharashtra,1238,Hingana
105,India,20,Maharashtra,1239,Kalmeshwar
105,India,20,Maharashtra,1240,Kamthi
105,India,20,Maharashtra,1241,Katol
105,India,20,Maharashtra,1242,Kuhi
105,India,20,Maharashtra,1243,Mauda
105,India,20,Maharashtra,1244,Nagpur
105,India,20,Maharashtra,1245,Narkher
105,India,20,Maharashtra,1246,Parsivni
105,India,20,Maharashtra,1247,Ramtek
105,India,20,Maharashtra,1248,Savner
105,India,20,Maharashtra,1249,Umred
105,India,20,Maharashtra,1250,Bhokar
105,India,20,Maharashtra,1251,Biloli
105,India,20,Maharashtra,1252,Diglur
105,India,20,Maharashtra,1253,Hadgaon
105,India,20,Maharashtra,1254,Kandahar
105,India,20,Maharashtra,1255,Kinwat
105,India,20,Maharashtra,1256,Mukher
105,India,20,Maharashtra,1257,Nanded
105,India,20,Maharashtra,1258,Akkalkuva
105,India,20,Maharashtra,1259,Dhadgaon
105,India,20,Maharashtra,1260,Nandurbar
105,India,20,Maharashtra,1261,Navapur
105,India,20,Maharashtra,1262,Shahada
105,India,20,Maharashtra,1263,Taloda
105,India,20,Maharashtra,1264,Chandvad
105,India,20,Maharashtra,1265,Dindori
105,India,20,Maharashtra,1266,Igatpuri
105,India,20,Maharashtra,1267,Kalvan
105,India,20,Maharashtra,1268,Malegaon
105,India,20,Maharashtra,1269,Nandgaon
105,India,20,Maharashtra,1270,Nashik
105,India,20,Maharashtra,1271,Niphad
105,India,20,Maharashtra,1272,Peint
105,India,20,Maharashtra,1273,Satana
105,India,20,Maharashtra,1274,Sinnar
105,India,20,Maharashtra,1275,Surgana
105,India,20,Maharashtra,1276,Yeola
105,India,20,Maharashtra,1277,Bhum
105,India,20,Maharashtra,1278,Kallam
105,India,20,Maharashtra,1279,Osmanabad
105,India,20,Maharashtra,1280,Parenda
105,India,20,Maharashtra,1281,Tuljapur
105,India,20,Maharashtra,1282,Umarga
105,India,20,Maharashtra,1283,Dahanu
105,India,20,Maharashtra,1284,Jawhar
105,India,20,Maharashtra,1285,Mokhada
105,India,20,Maharashtra,1286,n.a. ( 1482)
105,India,20,Maharashtra,1287,Palghar
105,India,20,Maharashtra,1288,Talasri
105,India,20,Maharashtra,1289,Vada
105,India,20,Maharashtra,1290,Vasai
105,India,20,Maharashtra,1291,Gangakher
105,India,20,Maharashtra,1292,Jintur
105,India,20,Maharashtra,1293,Parbhani
105,India,20,Maharashtra,1294,Pathri
105,India,20,Maharashtra,1295,Baramati
105,India,20,Maharashtra,1296,Bhor
105,India,20,Maharashtra,1297,Daund
105,India,20,Maharashtra,1298,Ghod
105,India,20,Maharashtra,1299,Indapur
105,India,20,Maharashtra,1300,Junnar
105,India,20,Maharashtra,1301,n.a. ( 1612)
105,India,20,Maharashtra,1302,Paud
105,India,20,Maharashtra,1303,Rajgurunagar
105,India,20,Maharashtra,1304,Sasvad
105,India,20,Maharashtra,1305,Shirur
105,India,20,Maharashtra,1306,Wadgaon
105,India,20,Maharashtra,1307,Alibag
105,India,20,Maharashtra,1308,Khalapur
105,India,20,Maharashtra,1309,Mahad
105,India,20,Maharashtra,1310,Mangaon
105,India,20,Maharashtra,1311,Mhasla
105,India,20,Maharashtra,1312,n.a. ( 1572)
105,India,20,Maharashtra,1313,n.a. ( 1575)
105,India,20,Maharashtra,1314,n.a. ( 1586)
105,India,20,Maharashtra,1315,n.a. ( 1589)
105,India,20,Maharashtra,1316,n.a. ( 1593)
105,India,20,Maharashtra,1317,n.a. ( 1598)
105,India,20,Maharashtra,1318,n.a. ( 1599)
105,India,20,Maharashtra,1319,n.a. ( 1634)
105,India,20,Maharashtra,1320,n.a. ( 1656)
105,India,20,Maharashtra,1321,n.a. ( 1657)
105,India,20,Maharashtra,1322,n.a. ( 1681)
105,India,20,Maharashtra,1323,Pali
105,India,20,Maharashtra,1324,Pen
105,India,20,Maharashtra,1325,Poladpur
105,India,20,Maharashtra,1326,Roha
105,India,20,Maharashtra,1327,Chiplun
105,India,20,Maharashtra,1328,Dapoli
105,India,20,Maharashtra,1329,Devrukh
105,India,20,Maharashtra,1330,Guhagar
105,India,20,Maharashtra,1331,Khed
105,India,20,Maharashtra,1332,Lanja
105,India,20,Maharashtra,1333,Mandangarh
105,India,20,Maharashtra,1334,Rajapur
105,India,20,Maharashtra,1335,Ratnagiri
105,India,20,Maharashtra,1336,Atpadi
105,India,20,Maharashtra,1337,Islampur
105,India,20,Maharashtra,1338,Jath
105,India,20,Maharashtra,1339,Kavathe Mahankal
105,India,20,Maharashtra,1340,Sangli
105,India,20,Maharashtra,1341,Shirala
105,India,20,Maharashtra,1342,Tasgaon
105,India,20,Maharashtra,1343,Vite
105,India,20,Maharashtra,1344,Dahivadi
105,India,20,Maharashtra,1345,Karad
105,India,20,Maharashtra,1346,Koregaon
105,India,20,Maharashtra,1347,Mahabaleshwar
105,India,20,Maharashtra,1348,Medha
105,India,20,Maharashtra,1349,Patan
105,India,20,Maharashtra,1350,Phaltan
105,India,20,Maharashtra,1351,Satara
105,India,20,Maharashtra,1352,Shirwal
105,India,20,Maharashtra,1353,Vaduj
105,India,20,Maharashtra,1354,Wai
105,India,20,Maharashtra,1355,Devgarh
105,India,20,Maharashtra,1356,Kankauli
105,India,20,Maharashtra,1357,Kudal
105,India,20,Maharashtra,1358,Malvan
105,India,20,Maharashtra,1359,Savantvadi
105,India,20,Maharashtra,1360,Vaibhavwadi
105,India,20,Maharashtra,1361,Vengurla
105,India,20,Maharashtra,1362,Akalkot
105,India,20,Maharashtra,1363,Barsi
105,India,20,Maharashtra,1364,Karmal
105,India,20,Maharashtra,1365,Madha
105,India,20,Maharashtra,1366,Malsiras
105,India,20,Maharashtra,1367,Mangalwedha
105,India,20,Maharashtra,1368,Mohol
105,India,20,Maharashtra,1369,n.a. ( 1703)
105,India,20,Maharashtra,1370,Pandharpur
105,India,20,Maharashtra,1371,Sangole
105,India,20,Maharashtra,1372,Solapur
105,India,20,Maharashtra,1373,Bhiwandi
105,India,20,Maharashtra,1374,Kalyan
105,India,20,Maharashtra,1375,Murbad
105,India,20,Maharashtra,1376,n.a. ( 1549)
105,India,20,Maharashtra,1377,n.a. ( 1551)
105,India,20,Maharashtra,1378,Shahapur
105,India,20,Maharashtra,1379,Thane
105,India,20,Maharashtra,1380,Ulhasnagar
105,India,20,Maharashtra,1381,Arvi
105,India,20,Maharashtra,1382,Ashti
105,India,20,Maharashtra,1383,Deoli
105,India,20,Maharashtra,1384,Hinganghat
105,India,20,Maharashtra,1385,Karanja
105,India,20,Maharashtra,1386,Samudrapur
105,India,20,Maharashtra,1387,Selu
105,India,20,Maharashtra,1388,Wardha
105,India,20,Maharashtra,1389,Karanja
105,India,20,Maharashtra,1390,Malegaon
105,India,20,Maharashtra,1391,Mangrul Pir
105,India,20,Maharashtra,1392,Manora
105,India,20,Maharashtra,1393,Risod
105,India,20,Maharashtra,1394,Washim
105,India,20,Maharashtra,1395,Babulgaon
105,India,20,Maharashtra,1396,Darwha
105,India,20,Maharashtra,1397,Digras
105,India,20,Maharashtra,1398,Ghatanji
105,India,20,Maharashtra,1399,Kalam
105,India,20,Maharashtra,1400,Mahagaon
105,India,20,Maharashtra,1401,Maregaon
105,India,20,Maharashtra,1402,Ner
105,India,20,Maharashtra,1403,Pandharkawada
105,India,20,Maharashtra,1404,Pusad
105,India,20,Maharashtra,1405,Ralegaon
105,India,20,Maharashtra,1406,Umarkhed
105,India,20,Maharashtra,1407,Wani
105,India,20,Maharashtra,1408,Yavatmal
105,India,21,Manipur,1409,Bishnupur
105,India,21,Manipur,1410,Moirang
105,India,21,Manipur,1411,Chakpikarong
105,India,21,Manipur,1412,Chandel
105,India,21,Manipur,1413,Tengnoupal
105,India,21,Manipur,1414,Churachandpur
105,India,21,Manipur,1415,Henglep
105,India,21,Manipur,1416,Parbung
105,India,21,Manipur,1417,Thanlon
105,India,21,Manipur,1418,Thinghat
105,India,21,Manipur,1419,n.a. ( 745)
105,India,21,Manipur,1420,n.a. ( 765)
105,India,21,Manipur,1421,Imphal
105,India,21,Manipur,1422,n.a. ( 776)
105,India,21,Manipur,1423,Kangpokpi
105,India,21,Manipur,1424,Karong
105,India,21,Manipur,1425,Saikul
105,India,21,Manipur,1426,Nungba
105,India,21,Manipur,1427,Tamei
105,India,21,Manipur,1428,Tamenglong
105,India,21,Manipur,1429,Tousem
105,India,21,Manipur,1430,Kakching
105,India,21,Manipur,1431,Thoubal
105,India,21,Manipur,1432,Chingai
105,India,21,Manipur,1433,Kamjong
105,India,21,Manipur,1434,Kasom Khullen
105,India,21,Manipur,1435,Phungyar
105,India,21,Manipur,1436,Ukhrul
105,India,22,Meghalaya,1437,Williamnagar
105,India,22,Meghalaya,1438,Shillong
105,India,22,Meghalaya,1439,Jowai
105,India,22,Meghalaya,1440,Williamnagar
105,India,22,Meghalaya,1441,Ri-Bhoi
105,India,22,Meghalaya,1442,South Garo Hills
105,India,22,Meghalaya,1443,Tura
105,India,22,Meghalaya,1444,Nongstoin
105,India,22,Meghalaya,1445,Tura
105,India,22,Meghalaya,1446,Williamnagar
105,India,22,Meghalaya,1447,Nongstoin
105,India,23,Mizoram,1448,Aizawl
105,India,23,Mizoram,1449,Champhai
105,India,23,Mizoram,1450,Kolasib
105,India,23,Mizoram,1451,Chawngte
105,India,23,Mizoram,1452,Lawngtlai
105,India,23,Mizoram,1453,Lunglei
105,India,23,Mizoram,1454,Tlabung
105,India,34,Uttar Pradesh,2077,Rasra
105,India,34,Uttar Pradesh,2078,Balrampur
105,India,34,Uttar Pradesh,2079,Baberu
105,India,34,Uttar Pradesh,2080,Banda
105,India,34,Uttar Pradesh,2081,Naraini
105,India,34,Uttar Pradesh,2082,Bara Banki
105,India,34,Uttar Pradesh,2083,Fatehpur
105,India,34,Uttar Pradesh,2084,Haidargarh
105,India,34,Uttar Pradesh,2085,Ramsanehighat
105,India,34,Uttar Pradesh,2086,Aonla
105,India,34,Uttar Pradesh,2087,Baheri
105,India,34,Uttar Pradesh,2088,Bareilly
105,India,34,Uttar Pradesh,2089,Faritpur
105,India,34,Uttar Pradesh,2090,Nawabganj
105,India,34,Uttar Pradesh,2091,Basti
105,India,34,Uttar Pradesh,2092,Haraiya
105,India,34,Uttar Pradesh,2093,Bijnor
105,India,34,Uttar Pradesh,2094,Dhampur
105,India,34,Uttar Pradesh,2095,Nagina
105,India,34,Uttar Pradesh,2096,Najibabad
105,India,34,Uttar Pradesh,2097,Bisauli
105,India,34,Uttar Pradesh,2098,Budaun
105,India,36,West Bengal,2322,Kalyani
105,India,36,West Bengal,2323,Krishnanagar
105,India,36,West Bengal,2324,Ranaghat
105,India,36,West Bengal,2325,Bangaon
105,India,36,West Bengal,2326,Barakpur
105,India,36,West Bengal,2327,Barasat
105,India,36,West Bengal,2328,Basirhat
105,India,36,West Bengal,2329,n.a. ( 1220)
105,India,36,West Bengal,2330,Ghatal
105,India,36,West Bengal,2331,Jhargram
105,India,36,West Bengal,2332,Medinipur
105,India,36,West Bengal,2333,Kanthi
105,India,36,West Bengal,2334,Tamluk
105,India,36,West Bengal,2335,Puruliya
105,India,36,West Bengal,2336,Diamond Harbour
105,India,36,West Bengal,2337,n.a. ( 1187)
105,India,36,West Bengal,2338,n.a. ( 1229)
105,India,36,West Bengal,2339,Islampur
105,India,36,West Bengal,2340,Raiganj
105,India,23,Mizoram,1455,Mamit
105,India,23,Mizoram,1456,Saiha
105,India,23,Mizoram,1457,Aizawl
105,India,24,Nagaland,1458,Henima
105,India,24,Nagaland,1459,Tuensang
105,India,24,Nagaland,1460,Henima
105,India,24,Nagaland,1461,Tuensang
105,India,24,Nagaland,1462,Mokokchung
105,India,24,Nagaland,1463,Mon
105,India,24,Nagaland,1464,Henima
105,India,24,Nagaland,1465,Phek
105,India,24,Nagaland,1466,Tuensang
105,India,24,Nagaland,1467,Wokha
105,India,24,Nagaland,1468,Zunheboto
105,India,25,NCT of Delhi,1469,Delhi
105,India,26,Odisha,1470,Anugul
105,India,26,Odisha,1471,Athamallik
105,India,26,Odisha,1472,Pala Laharha
105,India,26,Odisha,1473,Talcher
105,India,26,Odisha,1474,Balangir
105,India,26,Odisha,1475,Patnagarh
105,India,26,Odisha,1476,Titlagarh
105,India,26,Odisha,1477,Baleshwar
105,India,26,Odisha,1478,Nilagiri
105,India,26,Odisha,1479,Bargarh
105,India,26,Odisha,1480,Padmapur
105,India,26,Odisha,1481,Bauda
105,India,26,Odisha,1482,Bhadrak
105,India,26,Odisha,1507,Jaypur
105,India,26,Odisha,1508,Koraput
105,India,26,Odisha,1509,Malakanagiri
105,India,26,Odisha,1510,Baripada
105,India,26,Odisha,1511,Panchpir
105,India,26,Odisha,1512,Rai
105,India,26,Odisha,1513,Udala
105,India,26,Odisha,1514,Nabarangapur
105,India,26,Odisha,1515,Nayagarh
105,India,26,Odisha,1516,Nuaparha
105,India,26,Odisha,1517,n.a. ( 1507)
105,India,26,Odisha,1518,Puri
105,India,26,Odisha,1519,Gunupur
105,India,26,Odisha,1520,Rayagarha
105,India,26,Odisha,1521,Kuchinda
105,India,26,Odisha,1522,Redhakhol
105,India,26,Odisha,1523,Sambalpur
105,India,26,Odisha,1524,Sonapur
105,India,26,Odisha,1525,Banei
105,India,26,Odisha,1526,Panposh
105,India,26,Odisha,1527,Sundargarh
105,India,27,Puducherry,1528,Karaikal
105,India,27,Puducherry,1529,Mahe
105,India,27,Puducherry,1530,Puducherry
105,India,27,Puducherry,1531,Yanam
105,India,28,Punjab,1532,Ajnala
105,India,28,Punjab,1533,Baba Bakala
105,India,28,Punjab,1534,Barnala
105,India,28,Punjab,1535,Bathinda
105,India,28,Punjab,1536,Rampura Phul
105,India,28,Punjab,1537,Talwandi Sabo
105,India,28,Punjab,1538,Faridkot
105,India,28,Punjab,1539,Sirhind
105,India,28,Punjab,1540,Abohar
105,India,28,Punjab,1541,Fazilka
105,India,28,Punjab,1542,Firozpur
105,India,28,Punjab,1543,Zira
105,India,28,Punjab,1544,Batala
105,India,28,Punjab,1545,Gurdaspur
105,India,28,Punjab,1546,Dasua
105,India,28,Punjab,1547,Garhshankar
105,India,28,Punjab,1548,Hoshiarpur
105,India,28,Punjab,1549,Jalandhar
105,India,28,Punjab,1550,Nakodar
105,India,28,Punjab,1551,Phillaur
105,India,28,Punjab,1552,Kapurthala
105,India,28,Punjab,1553,Phagwara
105,India,28,Punjab,1554,Sultanpur Lodhi
105,India,28,Punjab,1555,Jagraon
105,India,28,Punjab,1556,Khanna
105,India,28,Punjab,1557,Ludhiana
105,India,28,Punjab,1558,Samrala
105,India,28,Punjab,1559,Mansa
105,India,28,Punjab,1560,Moga
105,India,28,Punjab,1561,Muktsar
105,India,28,Punjab,1562,Pathankot
105,India,28,Punjab,1563,n.a. ( 155)
105,India,28,Punjab,1564,Nabha
105,India,28,Punjab,1565,Patiala
105,India,28,Punjab,1566,Rajpura
105,India,28,Punjab,1567,Samana
105,India,28,Punjab,1568,Anandpur Sahib
105,India,28,Punjab,1569,Rupnagar
105,India,28,Punjab,1570,Kharar
105,India,28,Punjab,1571,Rajpura
105,India,28,Punjab,1572,Maler Kotla
105,India,28,Punjab,1573,Sangrur
105,India,28,Punjab,1574,Sunam
105,India,28,Punjab,1575,Balachaur
105,India,28,Punjab,1576,Nawashahr
105,India,28,Punjab,1577,Patti
105,India,28,Punjab,1578,Tarn Taran
105,India,29,Rajasthan,1579,Ajmer
105,India,29,Rajasthan,1580,Beawar
105,India,29,Rajasthan,1581,Kekri
105,India,29,Rajasthan,1582,Kishangarh
105,India,29,Rajasthan,1583,n.a. ( 566)
105,India,29,Rajasthan,1584,n.a. ( 617)
105,India,29,Rajasthan,1585,Nasirabad
105,India,29,Rajasthan,1586,Sarwar
105,India,29,Rajasthan,1587,Alwar
105,India,29,Rajasthan,1588,Bahror
105,India,29,Rajasthan,1589,Bansur
105,India,29,Rajasthan,1590,Kishangarh Bas
105,India,29,Rajasthan,1591,Lachhmangarh
105,India,29,Rajasthan,1592,Mandawar
105,India,29,Rajasthan,1593,Rajgarh
105,India,29,Rajasthan,1594,Ramgarh
105,India,29,Rajasthan,1595,Thana Gazi
105,India,29,Rajasthan,1596,Tijara
105,India,29,Rajasthan,1597,Banswara
105,India,29,Rajasthan,1598,Garhi
105,India,29,Rajasthan,1599,Ghatol
105,India,29,Rajasthan,1600,Kalinjara
105,India,29,Rajasthan,1601,n.a. ( 965)
105,India,29,Rajasthan,1602,Atru
105,India,29,Rajasthan,1603,Baran
105,India,29,Rajasthan,1604,Chhabra
105,India,29,Rajasthan,1605,Chhipa Barod
105,India,29,Rajasthan,1606,Kishanganj
105,India,29,Rajasthan,1607,Mangrol
105,India,29,Rajasthan,1608,Shahbad
105,India,29,Rajasthan,1609,Barmer
105,India,29,Rajasthan,1610,Chauhtan
105,India,29,Rajasthan,1611,Gurha Malini
105,India,29,Rajasthan,1612,Pachpadra
105,India,29,Rajasthan,1613,Shiv
105,India,29,Rajasthan,1614,Siwana
105,India,29,Rajasthan,1615,Bayana
105,India,29,Rajasthan,1616,Bharatpur
105,India,29,Rajasthan,1617,Dig
105,India,29,Rajasthan,1618,Kaman
105,India,29,Rajasthan,1619,Kumher
105,India,29,Rajasthan,1620,Nadbai
105,India,29,Rajasthan,1621,Nagar
105,India,29,Rajasthan,1622,Rupbas
105,India,29,Rajasthan,1623,Weir
105,India,29,Rajasthan,1624,Asind
105,India,29,Rajasthan,1625,Banera
105,India,29,Rajasthan,1626,Bhilwara
105,India,29,Rajasthan,1627,Gangapur
105,India,29,Rajasthan,1628,Gulabpura
105,India,29,Rajasthan,1629,Jahazpur
105,India,29,Rajasthan,1630,Kotri
105,India,29,Rajasthan,1631,Mandalgarh
105,India,29,Rajasthan,1632,Mandal
105,India,29,Rajasthan,1633,Raipur
105,India,29,Rajasthan,1634,Shahpura
105,India,29,Rajasthan,1635,Bikaner
105,India,29,Rajasthan,1636,Kolayat
105,India,29,Rajasthan,1637,Lunkaransar
105,India,29,Rajasthan,1638,Nokha
105,India,29,Rajasthan,1639,Bundi
105,India,29,Rajasthan,1640,Hindoli
105,India,29,Rajasthan,1641,Keshorai Patan
105,India,29,Rajasthan,1642,Naenwa
105,India,29,Rajasthan,1643,Bari Sadri
105,India,29,Rajasthan,1644,Begun
105,India,29,Rajasthan,1645,Bhadesar
105,India,29,Rajasthan,1646,Gangrar
105,India,29,Rajasthan,1647,Kapasan
105,India,29,Rajasthan,1648,n.a. ( 748)
105,India,29,Rajasthan,1649,n.a. ( 793)
105,India,29,Rajasthan,1650,Nimbahera
105,India,29,Rajasthan,1651,Rashmi
105,India,29,Rajasthan,1652,Churu
105,India,29,Rajasthan,1653,Dungargarh
105,India,29,Rajasthan,1654,Rajgarh
105,India,29,Rajasthan,1655,Ratangarh
105,India,29,Rajasthan,1656,Sardarshahar
105,India,29,Rajasthan,1657,Sujangarh
105,India,29,Rajasthan,1658,Taranagar
105,India,29,Rajasthan,1659,Baswa
105,India,29,Rajasthan,1660,Dausa
105,India,29,Rajasthan,1661,Lalsot
105,India,29,Rajasthan,1662,Mahwah
105,India,29,Rajasthan,1663,Sakrai
105,India,29,Rajasthan,1664,Bari
105,India,29,Rajasthan,1665,Baseri
105,India,29,Rajasthan,1666,Dhaulpur
105,India,29,Rajasthan,1667,Aspur
105,India,29,Rajasthan,1668,Dungarpur
105,India,29,Rajasthan,1669,Sagwara
105,India,29,Rajasthan,1670,Simalwara
105,India,29,Rajasthan,1671,Anupgarh
105,India,29,Rajasthan,1672,Ganganagar
105,India,29,Rajasthan,1673,Karanpur
105,India,29,Rajasthan,1674,n.a. ( 230)
105,India,29,Rajasthan,1675,Padampur
105,India,29,Rajasthan,1676,Raisinghnagar
105,India,29,Rajasthan,1677,Sadulshahr
105,India,29,Rajasthan,1678,Sri Vijainagar
105,India,29,Rajasthan,1679,Suratgarh
105,India,29,Rajasthan,1680,Bhadra
105,India,29,Rajasthan,1681,n.a. ( 211)
105,India,29,Rajasthan,1682,Nohar
105,India,29,Rajasthan,1683,Pilibangan
105,India,29,Rajasthan,1684,Rawatsar
105,India,29,Rajasthan,1685,Sangariya
105,India,29,Rajasthan,1686,Tibi
105,India,29,Rajasthan,1687,Amer
105,India,29,Rajasthan,1688,Bassi
105,India,29,Rajasthan,1689,Chaksu
105,India,29,Rajasthan,1690,Chomu
105,India,29,Rajasthan,1691,Dudu
105,India,29,Rajasthan,1692,Jaipur
105,India,29,Rajasthan,1693,Jamwa Ramgarh
105,India,29,Rajasthan,1694,Kot Putli
105,India,29,Rajasthan,1695,n.a. ( 379)
105,India,29,Rajasthan,1696,Phagi
105,India,29,Rajasthan,1697,Sambhar
105,India,29,Rajasthan,1698,Sanganer
105,India,29,Rajasthan,1699,Viratnagar
105,India,29,Rajasthan,1700,Jaisalmer
105,India,29,Rajasthan,1701,Pokaran
105,India,29,Rajasthan,1702,Ahor
105,India,29,Rajasthan,1703,Bhinmal
105,India,29,Rajasthan,1704,Jalor
105,India,29,Rajasthan,1705,Raniwara
105,India,29,Rajasthan,1706,Sanchor
105,India,29,Rajasthan,1707,Aklera
105,India,29,Rajasthan,1708,Gangdhar
105,India,29,Rajasthan,1709,Jhalarapatan
105,India,29,Rajasthan,1710,Khanpur
105,India,29,Rajasthan,1711,Pachpahar
105,India,29,Rajasthan,1712,Pirawa
105,India,29,Rajasthan,1713,Chirawa
105,India,29,Rajasthan,1714,Jhunjhunun
105,India,29,Rajasthan,1715,Khetri
105,India,29,Rajasthan,1716,Nawalgarh
105,India,29,Rajasthan,1717,Udaipurwati
105,India,29,Rajasthan,1718,Bhopalgarh
105,India,29,Rajasthan,1719,Bilara
105,India,29,Rajasthan,1720,Jodhpur
105,India,29,Rajasthan,1721,Osiyan
105,India,29,Rajasthan,1722,Phalodi
105,India,29,Rajasthan,1723,Shergarh
105,India,29,Rajasthan,1724,Hindaun
105,India,29,Rajasthan,1725,Karauli
105,India,29,Rajasthan,1726,Nandauti
105,India,29,Rajasthan,1727,Sapotra
105,India,29,Rajasthan,1728,Toda Bhim
105,India,29,Rajasthan,1729,Digod
105,India,29,Rajasthan,1730,Kota
105,India,29,Rajasthan,1731,Pipalda Kalan
105,India,29,Rajasthan,1732,Ramganj Mandi
105,India,29,Rajasthan,1733,Sangod
105,India,29,Rajasthan,1734,Degana
105,India,29,Rajasthan,1735,Didwana
105,India,29,Rajasthan,1736,Jayal
105,India,29,Rajasthan,1737,Ladnun
105,India,29,Rajasthan,1738,Merta
105,India,29,Rajasthan,1739,Nagaur
105,India,29,Rajasthan,1740,Nawa
105,India,29,Rajasthan,1741,Parvatsar
105,India,29,Rajasthan,1742,Bali
105,India,29,Rajasthan,1743,Desuri
105,India,29,Rajasthan,1744,Jaitaran
105,India,29,Rajasthan,1745,Kharchi
105,India,29,Rajasthan,1746,Pali
105,India,29,Rajasthan,1747,Raipur
105,India,29,Rajasthan,1748,Sojat
105,India,29,Rajasthan,1749,Arnaud
105,India,29,Rajasthan,1750,Banswara
105,India,29,Rajasthan,1751,Bari Sadri
105,India,29,Rajasthan,1752,Chhoti Sadri
105,India,29,Rajasthan,1753,Ghatol
105,India,29,Rajasthan,1754,Lasadia
105,India,29,Rajasthan,1755,Nimbahera
105,India,29,Rajasthan,1756,Pratapgarh
105,India,29,Rajasthan,1757,Amet
105,India,29,Rajasthan,1758,Bhim
105,India,29,Rajasthan,1759,Devgarh
105,India,29,Rajasthan,1760,Kumbhalgarh
105,India,29,Rajasthan,1761,Nathdwara
105,India,29,Rajasthan,1762,Rajsamand
105,India,29,Rajasthan,1763,Relmagra
105,India,29,Rajasthan,1764,Bamanwas
105,India,29,Rajasthan,1765,Bonali
105,India,29,Rajasthan,1790,Salumbar
105,India,29,Rajasthan,1791,Sarada
105,India,29,Rajasthan,1792,Udaipur
105,India,29,Rajasthan,1793,Vallabhnagar
105,India,30,Sikkim,1794,Gangtok
105,India,30,Sikkim,1795,n.a. ( 302)
105,India,30,Sikkim,1796,n.a. ( 360)
105,India,30,Sikkim,1797,n.a. ( 352)
105,India,31,Tamil Nadu,1798,Ariyalur
105,India,31,Tamil Nadu,1799,Udaiyarpalaiyam
105,India,31,Tamil Nadu,1800,Egmore Nungabakkam
105,India,31,Tamil Nadu,1801,Fort Tondiarpet
105,India,31,Tamil Nadu,1802,Mambalam Gundy
105,India,31,Tamil Nadu,1803,Mylapore Tiruvallikk
105,India,31,Tamil Nadu,1804,Perambur Purasavakam
105,India,31,Tamil Nadu,1805,Coimbatore
105,India,31,Tamil Nadu,1806,Mettuppalaiyam
105,India,31,Tamil Nadu,1807,Pollachi
105,India,31,Tamil Nadu,1808,Chidambaram
105,India,31,Tamil Nadu,1809,Cuddalore
105,India,31,Tamil Nadu,1810,n.a. ( 2161)
105,India,31,Tamil Nadu,1811,Vriddhachalam
105,India,31,Tamil Nadu,1812,Dharmapuri
105,India,31,Tamil Nadu,1813,Harur
105,India,31,Tamil Nadu,1814,Palakkodu
105,India,31,Tamil Nadu,1815,Pennagaram
105,India,31,Tamil Nadu,1816,Dindigul
105,India,31,Tamil Nadu,1817,Kodaikkanal
105,India,31,Tamil Nadu,1818,Nattam
105,India,31,Tamil Nadu,1819,Nilakkottai
105,India,31,Tamil Nadu,1820,Palani
105,India,31,Tamil Nadu,1821,Vedasandur
105,India,31,Tamil Nadu,1822,Bhavani
105,India,31,Tamil Nadu,1823,Erode
105,India,31,Tamil Nadu,1824,Gopichettipalaiyam
105,India,31,Tamil Nadu,1825,Perundurai
105,India,31,Tamil Nadu,1826,Satyamangalam
105,India,31,Tamil Nadu,1827,Chengalpattu
105,India,31,Tamil Nadu,1828,Cheyyur
105,India,31,Tamil Nadu,1829,Kanchipuram
105,India,31,Tamil Nadu,1830,Madurantakam
105,India,31,Tamil Nadu,1831,Sriperumbudur
105,India,31,Tamil Nadu,1832,Uttiramerur
105,India,31,Tamil Nadu,1833,Bhutapandi
105,India,31,Tamil Nadu,1834,Kuzhittura
105,India,31,Tamil Nadu,1835,Nagercoil
105,India,31,Tamil Nadu,1836,Takkalai
105,India,31,Tamil Nadu,1837,Karur
105,India,31,Tamil Nadu,1838,Kulittalai
105,India,31,Tamil Nadu,1839,Denkanikota
105,India,31,Tamil Nadu,1840,Hosur
105,India,31,Tamil Nadu,1841,Krishnagiri
105,India,31,Tamil Nadu,1842,Uttangarai
105,India,31,Tamil Nadu,1843,Madurai
105,India,31,Tamil Nadu,1844,Melur
105,India,31,Tamil Nadu,1845,n.a. ( 2237)
105,India,31,Tamil Nadu,1846,Tirumangalam
105,India,31,Tamil Nadu,1847,Usilampatti
105,India,31,Tamil Nadu,1848,Vadippatti
105,India,31,Tamil Nadu,1849,Mayuram
105,India,31,Tamil Nadu,1850,Nagappattinam
105,India,31,Tamil Nadu,1851,Sirkazhi
105,India,31,Tamil Nadu,1852,Tarangambadi
105,India,31,Tamil Nadu,1853,Tirutturaippundi
105,India,31,Tamil Nadu,1854,Namakkal
105,India,31,Tamil Nadu,1855,Rasipuram
105,India,31,Tamil Nadu,1856,Tiruchengodu
105,India,31,Tamil Nadu,1857,Perambalur
105,India,31,Tamil Nadu,1858,Alangudi
105,India,31,Tamil Nadu,1859,Arantangi
105,India,31,Tamil Nadu,1860,Kulattur
105,India,31,Tamil Nadu,1861,n.a. ( 2236)
105,India,31,Tamil Nadu,1862,Pudukkottai
105,India,31,Tamil Nadu,1863,Tirumayam
105,India,31,Tamil Nadu,1864,Kamudi
105,India,31,Tamil Nadu,1865,Mudukulattur
105,India,31,Tamil Nadu,1866,Paramakkudi
105,India,31,Tamil Nadu,1867,Ramanathapuram
105,India,31,Tamil Nadu,1868,Rameswaram
105,India,31,Tamil Nadu,1869,Tiruvadanai
105,India,31,Tamil Nadu,1870,Attur
105,India,31,Tamil Nadu,1871,Mettur
105,India,31,Tamil Nadu,1872,Omalur
105,India,31,Tamil Nadu,1873,Salem
105,India,31,Tamil Nadu,1874,Sankari
105,India,31,Tamil Nadu,1875,Devakottai
105,India,31,Tamil Nadu,1876,Ilaiyankudi
105,India,31,Tamil Nadu,1877,Karaikkudi
105,India,31,Tamil Nadu,1878,Manamadurai
105,India,31,Tamil Nadu,1879,Sivaganga
105,India,31,Tamil Nadu,1880,Tiruppattur
105,India,31,Tamil Nadu,1881,Kumbakonam
105,India,31,Tamil Nadu,1882,Orattanadu
105,India,31,Tamil Nadu,1883,Papanasam
105,India,31,Tamil Nadu,1884,Pattukkottai
105,India,31,Tamil Nadu,1885,Peravurani
105,India,31,Tamil Nadu,1886,Thanjavur
105,India,31,Tamil Nadu,1887,Tiruvidaimarudur
105,India,31,Tamil Nadu,1888,Coonoor
105,India,31,Tamil Nadu,1889,Gudalur
105,India,31,Tamil Nadu,1890,Kotagiri
105,India,31,Tamil Nadu,1891,Udagamandalam
105,India,31,Tamil Nadu,1892,Periyakulam
105,India,31,Tamil Nadu,1893,Uttamapalaiyam
105,India,31,Tamil Nadu,1894,Gummidipundi
105,India,31,Tamil Nadu,1895,n.a. ( 1971)
105,India,31,Tamil Nadu,1896,n.a. ( 2010)
105,India,31,Tamil Nadu,1897,n.a. ( 2012)
105,India,31,Tamil Nadu,1898,n.a. ( 2015)
105,India,31,Tamil Nadu,1899,n.a. ( 2016)
105,India,31,Tamil Nadu,1900,n.a. ( 2020)
105,India,31,Tamil Nadu,1901,Pallippattu
105,India,31,Tamil Nadu,1902,Ponneri
105,India,31,Tamil Nadu,1903,Saidapet
105,India,31,Tamil Nadu,1904,Tiruttani
105,India,31,Tamil Nadu,1905,Tiruvallur
105,India,31,Tamil Nadu,1906,Uttukkottai
105,India,31,Tamil Nadu,1907,Mannargudi
105,India,31,Tamil Nadu,1908,Nannilam
105,India,31,Tamil Nadu,1909,Thiruvarur
105,India,31,Tamil Nadu,1910,Kovilpatti
105,India,31,Tamil Nadu,1911,Ottapidaram
105,India,31,Tamil Nadu,1912,Sattankulam
105,India,31,Tamil Nadu,1913,Srivaikuntam
105,India,31,Tamil Nadu,1914,Tiruchchendur
105,India,31,Tamil Nadu,1915,Tuticorin
105,India,31,Tamil Nadu,1916,Vilattikulam
105,India,31,Tamil Nadu,1917,Lalgudi
105,India,31,Tamil Nadu,1918,Manapparai
105,India,31,Tamil Nadu,1919,Musiri
105,India,31,Tamil Nadu,1920,Tiruchchirappalli
105,India,31,Tamil Nadu,1921,Turaiyur
105,India,31,Tamil Nadu,1922,Ambasamudram
105,India,31,Tamil Nadu,1923,Nanguneri
105,India,31,Tamil Nadu,1924,Palayankottai
105,India,31,Tamil Nadu,1925,Radhapuram
105,India,31,Tamil Nadu,1926,Sankarankovil
105,India,31,Tamil Nadu,1927,Sengottai
105,India,31,Tamil Nadu,1928,Sivagiri
105,India,31,Tamil Nadu,1929,Tenkasi
105,India,31,Tamil Nadu,1930,Tirunelveli
105,India,31,Tamil Nadu,1931,Avanashi
105,India,31,Tamil Nadu,1932,Dharapuram
105,India,31,Tamil Nadu,1933,Tiruppur
105,India,31,Tamil Nadu,1934,Udumalaippettai
105,India,31,Tamil Nadu,1935,Arani
105,India,31,Tamil Nadu,1936,Chengam
105,India,31,Tamil Nadu,1937,Polur
105,India,31,Tamil Nadu,1938,Tiruvannamalai
105,India,31,Tamil Nadu,1939,Tiruvettipuram
105,India,31,Tamil Nadu,1940,Vandavasi
105,India,31,Tamil Nadu,1941,Arakkonam
105,India,31,Tamil Nadu,1942,Arcot
105,India,31,Tamil Nadu,1943,Gudiyattam
105,India,31,Tamil Nadu,1944,Tiruppattur
105,India,31,Tamil Nadu,1945,Vaniyambadi
105,India,31,Tamil Nadu,1946,Vellore
105,India,31,Tamil Nadu,1947,Walajapet
105,India,31,Tamil Nadu,1948,Gingee
105,India,31,Tamil Nadu,1949,Kallakkurichchi
105,India,31,Tamil Nadu,1950,Tindivanam
105,India,31,Tamil Nadu,1951,Tirukkoyilur
105,India,31,Tamil Nadu,1952,Viluppuram
105,India,31,Tamil Nadu,1953,Aruppukottai
105,India,31,Tamil Nadu,1954,Rajapalaiyam
105,India,31,Tamil Nadu,1955,Sattur
105,India,31,Tamil Nadu,1956,Srivilliputtur
105,India,31,Tamil Nadu,1957,Tiruchuli
105,India,31,Tamil Nadu,1958,Virudunagar
105,India,32,Telangana,1959,Adilabad
105,India,32,Telangana,1960,Asifabad
105,India,32,Telangana,1961,Boath
105,India,32,Telangana,1962,Chinnur
105,India,32,Telangana,1963,Khanapur
105,India,32,Telangana,1964,Laxettipet
105,India,32,Telangana,1965,Mudhol
105,India,32,Telangana,1966,Nirmal
105,India,32,Telangana,1967,Sirpur
105,India,32,Telangana,1968,Utnur
105,India,32,Telangana,1969,Hyderabad
105,India,32,Telangana,1970,Huzurabad
105,India,32,Telangana,1971,Jagtial
105,India,32,Telangana,1972,Karimnagar
105,India,32,Telangana,1973,Manthani
105,India,32,Telangana,1974,Metpalli
105,India,32,Telangana,1975,Sirsilla
105,India,32,Telangana,1976,Sultanabad
105,India,32,Telangana,1977,Bhadrachalam
105,India,32,Telangana,1978,Borgampad
105,India,32,Telangana,1979,Khammam
105,India,32,Telangana,1980,Kottagudem
105,India,32,Telangana,1981,Madhira
105,India,32,Telangana,1982,Venkatapuram
105,India,32,Telangana,1983,Yellandu
105,India,32,Telangana,1984,Achampet
105,India,32,Telangana,1985,Alampur
105,India,32,Telangana,1986,Atamkur
105,India,32,Telangana,1987,Farooq Nagar
105,India,32,Telangana,1988,Gadwal
105,India,32,Telangana,1989,Kalwakurti
105,India,32,Telangana,1990,Kolhapur
105,India,32,Telangana,1991,Korangal
105,India,32,Telangana,1992,Mahbubnagar
105,India,32,Telangana,1993,Makhtal
105,India,32,Telangana,1994,Nagar Karnul
105,India,32,Telangana,1995,Wanparthy
105,India,32,Telangana,1996,Gajwel
105,India,32,Telangana,1997,Jogipet
105,India,32,Telangana,1998,Medak
105,India,32,Telangana,1999,Narayankher
105,India,32,Telangana,2000,Narsapur
105,India,32,Telangana,2001,Sangareddi
105,India,32,Telangana,2002,Siddipet
105,India,32,Telangana,2003,Zahirabad
105,India,32,Telangana,2004,Bhongir
105,India,32,Telangana,2005,Devarkonda
105,India,32,Telangana,2006,Huzurnagar
105,India,32,Telangana,2007,Mirialguda
105,India,32,Telangana,2008,Nalgonda
105,India,32,Telangana,2009,Ramannapet
105,India,32,Telangana,2010,Suriapet
105,India,32,Telangana,2011,Armur
105,India,32,Telangana,2012,Banswada
105,India,32,Telangana,2013,Bodhan
105,India,32,Telangana,2014,Kamareddy
105,India,32,Telangana,2015,Madnur
105,India,32,Telangana,2016,Nizamabad
105,India,32,Telangana,2017,Yellareddi
105,India,32,Telangana,2018,Chevella
105,India,32,Telangana,2019,Ibrahimpatan
105,India,32,Telangana,2020,Medchal
105,India,32,Telangana,2021,n.a. ( 1728)
105,India,32,Telangana,2022,Pargi
105,India,32,Telangana,2023,Tandur
105,India,32,Telangana,2024,Vikarabad
105,India,32,Telangana,2025,Hanmakonda
105,India,32,Telangana,2026,Jangaon
105,India,32,Telangana,2027,Mulug
105,India,32,Telangana,2028,n.a. ( 1711)
105,India,32,Telangana,2029,Narsampet
105,India,32,Telangana,2030,Parkal
105,India,33,Tripura,2031,Kailashahar
105,India,33,Tripura,2032,Kamalpur
105,India,33,Tripura,2033,Amarpur
105,India,33,Tripura,2034,Udaipur
105,India,33,Tripura,2035,Khowai
105,India,33,Tripura,2036,Dharmanagar
105,India,33,Tripura,2037,Sonamura
105,India,33,Tripura,2038,Belonia
105,India,33,Tripura,2039,Sabrum
105,India,33,Tripura,2040,n.a. ( 837)
105,India,33,Tripura,2041,Agartala
105,India,34,Uttar Pradesh,2042,Agra
105,India,34,Uttar Pradesh,2043,Bah
105,India,34,Uttar Pradesh,2044,Fatehabad
105,India,34,Uttar Pradesh,2045,Khairagarh
105,India,34,Uttar Pradesh,2046,Kiraoli
105,India,34,Uttar Pradesh,2047,Aligarh
105,India,34,Uttar Pradesh,2048,Atrauli
105,India,34,Uttar Pradesh,2049,Iglas
105,India,34,Uttar Pradesh,2050,Khair
105,India,34,Uttar Pradesh,2051,Sikandra Rao
105,India,34,Uttar Pradesh,2052,Handia
105,India,34,Uttar Pradesh,2053,Karchana
105,India,34,Uttar Pradesh,2054,Meja
105,India,34,Uttar Pradesh,2055,Phulpur
105,India,34,Uttar Pradesh,2056,Soraon
105,India,34,Uttar Pradesh,2057,Akbarpur
105,India,34,Uttar Pradesh,2058,Tanda
105,India,34,Uttar Pradesh,2059,Amethi
105,India,34,Uttar Pradesh,2060,Gauriganj
105,India,34,Uttar Pradesh,2061,Maharajganj
105,India,34,Uttar Pradesh,2062,Musafirkhana
105,India,34,Uttar Pradesh,2063,Salon
105,India,34,Uttar Pradesh,2064,Amroha
105,India,34,Uttar Pradesh,2065,Hasanpur
105,India,34,Uttar Pradesh,2066,Auraiya
105,India,34,Uttar Pradesh,2067,Bidhuna
105,India,34,Uttar Pradesh,2068,Azamgarh
105,India,34,Uttar Pradesh,2069,Katghar
105,India,34,Uttar Pradesh,2070,Phulpur
105,India,34,Uttar Pradesh,2071,Sagri
105,India,34,Uttar Pradesh,2072,Baghpat
105,India,34,Uttar Pradesh,2073,Kaisarganj
105,India,34,Uttar Pradesh,2074,Nanpara
105,India,34,Uttar Pradesh,2075,Ballia
105,India,34,Uttar Pradesh,2076,Bansdih
105,India,34,Uttar Pradesh,2099,Dataganj
105,India,34,Uttar Pradesh,2100,Sahaswan
105,India,34,Uttar Pradesh,2101,Anupshahr
105,India,34,Uttar Pradesh,2102,Bulandshahr
105,India,34,Uttar Pradesh,2103,Chakia
105,India,34,Uttar Pradesh,2104,Chandauli
105,India,34,Uttar Pradesh,2105,Karwi
105,India,34,Uttar Pradesh,2106,Mau
105,India,34,Uttar Pradesh,2107,Deoria
105,India,34,Uttar Pradesh,2108,Salempur
105,India,34,Uttar Pradesh,2109,Aliganj
105,India,34,Uttar Pradesh,2110,Etah
105,India,34,Uttar Pradesh,2111,Jalesar
105,India,34,Uttar Pradesh,2112,Bharthana
105,India,34,Uttar Pradesh,2113,Etawah
105,India,34,Uttar Pradesh,2114,Bikapur
105,India,34,Uttar Pradesh,2115,Faizabad
105,India,34,Uttar Pradesh,2116,Fatehgarh
105,India,34,Uttar Pradesh,2117,Kaimganj
105,India,34,Uttar Pradesh,2118,Bindki
105,India,34,Uttar Pradesh,2119,Fatehpur
105,India,34,Uttar Pradesh,2120,Khaga
105,India,34,Uttar Pradesh,2121,Etmadpur
105,India,34,Uttar Pradesh,2122,Firozabad
105,India,34,Uttar Pradesh,2123,Jasrana
105,India,34,Uttar Pradesh,2124,Shikohabad
105,India,34,Uttar Pradesh,2125,Dadri
105,India,34,Uttar Pradesh,2126,Khurja
105,India,34,Uttar Pradesh,2127,Sikandarabad
105,India,34,Uttar Pradesh,2128,Ghaziabad
105,India,34,Uttar Pradesh,2129,Ghazipur
105,India,34,Uttar Pradesh,2130,Muhammadabad
105,India,34,Uttar Pradesh,2131,Saidpur
105,India,34,Uttar Pradesh,2132,Zamania
105,India,34,Uttar Pradesh,2133,Gonda
105,India,34,Uttar Pradesh,2134,Tarabganj
105,India,34,Uttar Pradesh,2135,Utraula
105,India,34,Uttar Pradesh,2136,Bansgaon
105,India,34,Uttar Pradesh,2137,Gorakhpur
105,India,34,Uttar Pradesh,2138,Hamirpur
105,India,34,Uttar Pradesh,2139,Maudaha
105,India,34,Uttar Pradesh,2140,Rath
105,India,34,Uttar Pradesh,2141,Garhmuktesar
105,India,34,Uttar Pradesh,2142,Hapur
105,India,34,Uttar Pradesh,2143,Bilgram
105,India,34,Uttar Pradesh,2144,Hardoi
105,India,34,Uttar Pradesh,2145,Sandila
105,India,34,Uttar Pradesh,2146,Shahabad
105,India,34,Uttar Pradesh,2147,Hathras
105,India,34,Uttar Pradesh,2148,Jalaun
105,India,34,Uttar Pradesh,2149,Kalpi
105,India,34,Uttar Pradesh,2150,Konch
105,India,34,Uttar Pradesh,2151,Orai
105,India,34,Uttar Pradesh,2152,Jaunpur
105,India,34,Uttar Pradesh,2153,Kirakat
105,India,34,Uttar Pradesh,2154,Machhlishahr
105,India,34,Uttar Pradesh,2155,Mariahu
105,India,34,Uttar Pradesh,2156,Shahganj
105,India,34,Uttar Pradesh,2157,Garautha
105,India,34,Uttar Pradesh,2158,Jhansi
105,India,34,Uttar Pradesh,2159,Mau Ranipur
105,India,34,Uttar Pradesh,2160,Moth
105,India,34,Uttar Pradesh,2161,Chhibramau
105,India,34,Uttar Pradesh,2162,Kannauj
105,India,34,Uttar Pradesh,2163,Akbarpur
105,India,34,Uttar Pradesh,2164,Bilhaur
105,India,34,Uttar Pradesh,2165,Derapur
105,India,34,Uttar Pradesh,2166,Pukhrayan
105,India,34,Uttar Pradesh,2167,Bilhaur
105,India,34,Uttar Pradesh,2168,Ghatampur
105,India,34,Uttar Pradesh,2169,Kanpur
105,India,34,Uttar Pradesh,2170,Aliganj
105,India,34,Uttar Pradesh,2171,Kasganj
105,India,34,Uttar Pradesh,2172,Allahabad
105,India,34,Uttar Pradesh,2173,Manjhanpur
105,India,34,Uttar Pradesh,2174,Sirathu
105,India,34,Uttar Pradesh,2175,Hata
105,India,34,Uttar Pradesh,2176,Padrauna
105,India,34,Uttar Pradesh,2177,Lakhimpur
105,India,34,Uttar Pradesh,2178,Muhamdi
105,India,34,Uttar Pradesh,2179,Nighasan
105,India,34,Uttar Pradesh,2180,Lalitpur
105,India,34,Uttar Pradesh,2181,Mahrauni
105,India,34,Uttar Pradesh,2182,Lucknow
105,India,34,Uttar Pradesh,2183,Malihabad
105,India,34,Uttar Pradesh,2184,Mohanlalganj
105,India,34,Uttar Pradesh,2185,Maharajganj
105,India,34,Uttar Pradesh,2186,Pharenda
105,India,34,Uttar Pradesh,2187,Charkhari
105,India,34,Uttar Pradesh,2188,Kulpahar
105,India,34,Uttar Pradesh,2189,Mahoba
105,India,34,Uttar Pradesh,2190,Bhongaon
105,India,34,Uttar Pradesh,2191,Karhal
105,India,34,Uttar Pradesh,2192,Mainpuri
105,India,34,Uttar Pradesh,2193,Chhata
105,India,34,Uttar Pradesh,2194,Mathura
105,India,34,Uttar Pradesh,2195,Mat
105,India,34,Uttar Pradesh,2196,Sadabad
105,India,34,Uttar Pradesh,2197,Ghosi
105,India,34,Uttar Pradesh,2198,Mau
105,India,34,Uttar Pradesh,2199,Mawana
105,India,34,Uttar Pradesh,2200,Meerut
105,India,34,Uttar Pradesh,2201,Sardhana
105,India,34,Uttar Pradesh,2202,Chunar
105,India,34,Uttar Pradesh,2203,Mirzapur
105,India,34,Uttar Pradesh,2204,Bilari
105,India,34,Uttar Pradesh,2205,Moradabad
105,India,34,Uttar Pradesh,2206,Thakurdwara
105,India,34,Uttar Pradesh,2207,Budhana
105,India,34,Uttar Pradesh,2208,Jansath
105,India,34,Uttar Pradesh,2209,Muzaffarnagar
105,India,34,Uttar Pradesh,2210,Bisalpur
105,India,34,Uttar Pradesh,2211,Pilibhit
105,India,34,Uttar Pradesh,2212,Puranpur
105,India,34,Uttar Pradesh,2213,Bela
105,India,34,Uttar Pradesh,2214,Kunda
105,India,34,Uttar Pradesh,2215,Patti
105,India,34,Uttar Pradesh,2216,Dalmau
105,India,34,Uttar Pradesh,2217,Maharajganj
105,India,34,Uttar Pradesh,2218,Rae Bareli
105,India,34,Uttar Pradesh,2219,Salon
105,India,34,Uttar Pradesh,2220,Bilaspur
105,India,34,Uttar Pradesh,2221,Milak
105,India,34,Uttar Pradesh,2222,Rampur
105,India,34,Uttar Pradesh,2223,Shahabad
105,India,34,Uttar Pradesh,2224,Suar
105,India,34,Uttar Pradesh,2225,Deoband
105,India,34,Uttar Pradesh,2226,Nakur
105,India,34,Uttar Pradesh,2227,Saharanpur
105,India,34,Uttar Pradesh,2228,Bilari
105,India,34,Uttar Pradesh,2229,Gunnaur
105,India,34,Uttar Pradesh,2230,Sambhal
105,India,34,Uttar Pradesh,2231,Khalilabad
105,India,34,Uttar Pradesh,2232,Gyanpur
105,India,34,Uttar Pradesh,2233,Jalalabad
105,India,34,Uttar Pradesh,2234,Pawayan
105,India,34,Uttar Pradesh,2235,Shahjahanpur
105,India,34,Uttar Pradesh,2236,Tilhar
105,India,34,Uttar Pradesh,2237,Budhana
105,India,34,Uttar Pradesh,2238,Kairana
105,India,34,Uttar Pradesh,2239,Bahraich
105,India,34,Uttar Pradesh,2240,Bansi
105,India,34,Uttar Pradesh,2241,Domriaganj
105,India,34,Uttar Pradesh,2242,Naugarh
105,India,34,Uttar Pradesh,2243,Biswan
105,India,34,Uttar Pradesh,2244,Misrikh
105,India,34,Uttar Pradesh,2245,Sidhauli
105,India,34,Uttar Pradesh,2246,Sitapur
105,India,34,Uttar Pradesh,2247,Dudhi
105,India,34,Uttar Pradesh,2248,Robertsganj
105,India,34,Uttar Pradesh,2249,Kadipur
105,India,34,Uttar Pradesh,2250,Sultanpur
105,India,34,Uttar Pradesh,2251,Hasanganj
105,India,34,Uttar Pradesh,2252,Purwa
105,India,34,Uttar Pradesh,2253,Safipur
105,India,34,Uttar Pradesh,2254,Unnao
105,India,34,Uttar Pradesh,2255,Varanasi
105,India,35,Uttarakhand,2256,Almora
105,India,35,Uttarakhand,2257,Ranikhet
105,India,35,Uttarakhand,2258,Bageshwar
105,India,35,Uttarakhand,2259,Chamoli
105,India,35,Uttarakhand,2260,Joshimath
105,India,35,Uttarakhand,2261,Karnaprayag
105,India,35,Uttarakhand,2262,Champawat
105,India,35,Uttarakhand,2263,Chakrata
105,India,35,Uttarakhand,2264,Dehra Dun
105,India,35,Uttarakhand,2265,Lansdowne
105,India,35,Uttarakhand,2266,Pauri
105,India,35,Uttarakhand,2267,Haridwar
105,India,35,Uttarakhand,2268,Roorkee
105,India,35,Uttarakhand,2269,Haldwani
105,India,35,Uttarakhand,2270,n.a. ( 188)
105,India,35,Uttarakhand,2271,Naini Tal
105,India,35,Uttarakhand,2272,Dharchula
105,India,35,Uttarakhand,2273,Didihat
105,India,35,Uttarakhand,2274,Munsyari
105,India,35,Uttarakhand,2275,Pithoragarh
105,India,35,Uttarakhand,2276,Okhimath
105,India,35,Uttarakhand,2277,n.a. ( 111)
105,India,35,Uttarakhand,2278,Narendranagar
105,India,35,Uttarakhand,2279,Tehri
105,India,35,Uttarakhand,2280,Bazpur
105,India,35,Uttarakhand,2281,Kashipur
105,India,35,Uttarakhand,2282,Khatima
105,India,35,Uttarakhand,2283,Kichha
105,India,35,Uttarakhand,2284,Bhatwari
105,India,35,Uttarakhand,2285,Dunda
105,India,35,Uttarakhand,2286,Purola
105,India,35,Uttarakhand,2287,Rajgarhi
105,India,36,West Bengal,2288,Alipur Duar
105,India,36,West Bengal,2289,Bankura
105,India,36,West Bengal,2290,Bishnupur
105,India,36,West Bengal,2291,Asansol
105,India,36,West Bengal,2292,Barddhaman
105,India,36,West Bengal,2293,Durgapur
105,India,36,West Bengal,2294,Kalna
105,India,36,West Bengal,2295,Katoya
105,India,36,West Bengal,2296,Bolpur
105,India,36,West Bengal,2297,Rampur Hat
105,India,36,West Bengal,2298,Siuri
105,India,36,West Bengal,2299,Balurghat
105,India,36,West Bengal,2300,Darjiling
105,India,36,West Bengal,2301,Kalimpong
105,India,36,West Bengal,2302,Kurseong
105,India,36,West Bengal,2303,Siliguri
105,India,36,West Bengal,2304,Haora
105,India,36,West Bengal,2305,Uluberiya
105,India,36,West Bengal,2306,Arambag
105,India,36,West Bengal,2307,Chandannagar
105,India,36,West Bengal,2308,Chunchura
105,India,36,West Bengal,2309,Shrirampur
105,India,36,West Bengal,2310,Jalpaiguri
105,India,36,West Bengal,2311,Dinhata
105,India,36,West Bengal,2312,Kochbihar
105,India,36,West Bengal,2313,Mathabhanga
105,India,36,West Bengal,2314,Mekhliganj
105,India,36,West Bengal,2315,Tufanganj
105,India,36,West Bengal,2316,Alipur
105,India,36,West Bengal,2317,Maldah
105,India,36,West Bengal,2318,Baharampur
105,India,36,West Bengal,2319,Jangipur
105,India,36,West Bengal,2320,Kandi
105,India,36,West Bengal,2321,Murshidabad
