114,Japan,1,Aichi,1,Agui
114,Japan,1,Aichi,2,Aisai
114,Japan,1,Aichi,3,Anjō
114,Japan,1,Aichi,4,Ōbu
114,Japan,1,Aichi,5,Ōguchi
114,Japan,1,Aichi,6,Ōharu
114,Japan,1,Aichi,7,Chiryū
114,Japan,1,Aichi,8,Chita
114,Japan,1,Aichi,9,Fusō
114,Japan,1,Aichi,10,Gamagōri
114,Japan,1,Aichi,11,Handa
114,Japan,1,Aichi,12,Haruhi
114,Japan,1,Aichi,13,Hazu
114,Japan,1,Aichi,14,Hekinan
114,Japan,1,Aichi,15,Higashiura
114,Japan,1,Aichi,16,Ichinomiya/Owari-ichinomiya
114,Japan,1,Aichi,17,Inazawa
114,Japan,1,Aichi,18,Inuyama
114,Japan,1,Aichi,19,Isshiki
114,Japan,1,Aichi,20,Iwakura
114,Japan,1,Aichi,21,Jimokuji
114,Japan,1,Aichi,22,Kōnan
114,Japan,1,Aichi,23,Kōta
114,Japan,1,Aichi,24,Kanie
114,Japan,1,Aichi,25,Kariya
114,Japan,1,Aichi,26,Kasugai
114,Japan,1,Aichi,27,Kira
114,Japan,1,Aichi,28,Kisosaki
114,Japan,1,Aichi,29,Kitanagoya
114,Japan,1,Aichi,30,Kiyosu
114,Japan,1,Aichi,31,Komaki
114,Japan,1,Aichi,32,Kozakai
114,Japan,1,Aichi,33,Mihama
114,Japan,1,Aichi,34,Minamichita
114,Japan,1,Aichi,35,Mito
114,Japan,1,Aichi,36,Miwa
114,Japan,1,Aichi,37,Miyoshi
114,Japan,1,Aichi,38,Nagakute
114,Japan,1,Aichi,39,Nagoya
114,Japan,1,Aichi,40,Nishio
114,Japan,1,Aichi,41,Nisshin
114,Japan,1,Aichi,42,Okazaki
114,Japan,1,Aichi,43,Otowa
114,Japan,1,Aichi,44,Owariasahi
114,Japan,1,Aichi,45,Seto
114,Japan,1,Aichi,46,Shinshiro
114,Japan,1,Aichi,47,Shippō
114,Japan,1,Aichi,48,Shitara
114,Japan,1,Aichi,49,Tōei
114,Japan,1,Aichi,50,Tōgō
114,Japan,1,Aichi,51,Tōkai
114,Japan,1,Aichi,52,Tahara
114,Japan,1,Aichi,53,Takahama
114,Japan,1,Aichi,54,Taketoyo
114,Japan,1,Aichi,55,Tobishima
114,Japan,1,Aichi,56,Tokoname
114,Japan,1,Aichi,57,Toyoake
114,Japan,1,Aichi,58,Toyohashi
114,Japan,1,Aichi,59,Toyokawa
114,Japan,1,Aichi,60,Toyone
114,Japan,1,Aichi,61,Toyota
114,Japan,1,Aichi,62,Toyoyama
114,Japan,1,Aichi,63,Tsushima
114,Japan,1,Aichi,64,Yatomi
114,Japan,2,Akita,65,Akita
114,Japan,2,Akita,66,Ōdate
114,Japan,2,Akita,67,Ōgata
114,Japan,2,Akita,68,Daisen
114,Japan,2,Akita,69,Fujisato
114,Japan,2,Akita,70,Gojōme
114,Japan,2,Akita,71,Hachirōgata
114,Japan,2,Akita,72,Happō
114,Japan,2,Akita,73,Higashinaruse
114,Japan,2,Akita,74,Ikawa
114,Japan,2,Akita,75,Kamikoani
114,Japan,2,Akita,76,Katagami
114,Japan,2,Akita,77,Kazuno
114,Japan,2,Akita,78,Kitaakita
114,Japan,2,Akita,79,Kosaka
114,Japan,2,Akita,80,Misato
114,Japan,2,Akita,81,Mitane
114,Japan,2,Akita,82,Nikaho
114,Japan,2,Akita,83,Noshiro
114,Japan,2,Akita,84,Oga
114,Japan,2,Akita,85,Semboku
114,Japan,2,Akita,86,Ugo
114,Japan,2,Akita,87,Yokote
114,Japan,2,Akita,88,Yurihonjō
114,Japan,2,Akita,89,Yuzawa
114,Japan,3,Aomori,90,Ajigasawa
114,Japan,3,Aomori,91,Ōma
114,Japan,3,Aomori,92,Ōwani
114,Japan,3,Aomori,93,Aomori
114,Japan,3,Aomori,94,Fujisaki
114,Japan,3,Aomori,95,Fukaura
114,Japan,3,Aomori,96,Gonohe
114,Japan,3,Aomori,97,Goshogawara
114,Japan,3,Aomori,98,Hachinohe
114,Japan,3,Aomori,99,Hashikami
114,Japan,3,Aomori,100,Higashidōri
114,Japan,3,Aomori,101,Hirakawa
114,Japan,3,Aomori,102,Hiranai
114,Japan,3,Aomori,103,Hirosaki
114,Japan,3,Aomori,104,Imabetsu
114,Japan,3,Aomori,105,Inakadate
114,Japan,3,Aomori,106,Itayanagi
114,Japan,3,Aomori,107,Kazamaura
114,Japan,3,Aomori,108,Kuroishi
114,Japan,3,Aomori,109,Misawa
114,Japan,3,Aomori,110,Mutsu
114,Japan,3,Aomori,111,Nakadomari
114,Japan,3,Aomori,112,Nanbu
114,Japan,3,Aomori,113,Nishimeya
114,Japan,3,Aomori,114,Noheji
114,Japan,3,Aomori,115,Oirase
114,Japan,3,Aomori,116,Rokkasho
114,Japan,3,Aomori,117,Rokunohe
114,Japan,3,Aomori,118,Sai
114,Japan,3,Aomori,119,Sannohe
114,Japan,3,Aomori,120,Shichinohe
114,Japan,3,Aomori,121,Shingō
114,Japan,3,Aomori,122,Sotogahama
114,Japan,3,Aomori,123,Tōhoku
114,Japan,3,Aomori,124,Takko
114,Japan,3,Aomori,125,Towada
114,Japan,3,Aomori,126,Tsugaru
114,Japan,3,Aomori,127,Tsuruta
114,Japan,3,Aomori,128,Yokohama
114,Japan,3,Aomori,129,Yomogita
114,Japan,4,Chiba,130,Abiko
114,Japan,4,Chiba,131,Ōamishirasato
114,Japan,4,Chiba,132,Ōtaki
114,Japan,4,Chiba,133,Asahi
114,Japan,4,Chiba,134,Chōnan
114,Japan,4,Chiba,135,Chōsei
114,Japan,4,Chiba,136,Chōshi
114,Japan,4,Chiba,137,Chiba
114,Japan,4,Chiba,138,Funabashi
114,Japan,4,Chiba,139,Futtsu
114,Japan,4,Chiba,140,Ichihara
114,Japan,4,Chiba,141,Ichikawa
114,Japan,4,Chiba,142,Ichinomiya
114,Japan,4,Chiba,143,Inba
114,Japan,4,Chiba,144,Inzai
114,Japan,4,Chiba,145,Isumi
114,Japan,4,Chiba,146,Kōzaki
114,Japan,4,Chiba,147,Kamagaya
114,Japan,4,Chiba,148,Kamogawa
114,Japan,4,Chiba,149,Kashiwa
114,Japan,4,Chiba,150,Katori
114,Japan,4,Chiba,151,Katsuura
114,Japan,4,Chiba,152,Kimitsu
114,Japan,4,Chiba,153,Kisarazu
114,Japan,4,Chiba,154,Kujūkuri
114,Japan,4,Chiba,155,Kyonan
114,Japan,4,Chiba,156,Matsudo
114,Japan,4,Chiba,157,Minamibōsō
114,Japan,4,Chiba,158,Mobara
114,Japan,4,Chiba,159,Motono
114,Japan,4,Chiba,160,Mutsuzawa
114,Japan,4,Chiba,161,Nagara
114,Japan,4,Chiba,162,Nagareyama
114,Japan,4,Chiba,163,Narashino
114,Japan,4,Chiba,164,Narita
114,Japan,4,Chiba,165,Noda
114,Japan,4,Chiba,166,Onjuku
114,Japan,4,Chiba,167,Sōsa
114,Japan,4,Chiba,168,Sakae
114,Japan,4,Chiba,169,Sakura
114,Japan,4,Chiba,170,Sanmu
114,Japan,4,Chiba,171,Shibayama
114,Japan,4,Chiba,172,Shirako
114,Japan,4,Chiba,173,Shiroi
114,Japan,4,Chiba,174,Shisui
114,Japan,4,Chiba,175,Sodegaura
114,Japan,4,Chiba,176,Tōgane
114,Japan,4,Chiba,177,Tōnoshō
114,Japan,4,Chiba,178,Tako
114,Japan,4,Chiba,179,Tateyama
114,Japan,4,Chiba,180,Tomisato
114,Japan,4,Chiba,181,Urayasu
114,Japan,4,Chiba,182,Yachimata
114,Japan,4,Chiba,183,Yachiyo
114,Japan,4,Chiba,184,Yokoshibahikari
114,Japan,4,Chiba,185,Yotsukaido
114,Japan,5,Ehime,186,Ainan
114,Japan,5,Ehime,187,Ōzu
114,Japan,5,Ehime,188,Ikata
114,Japan,5,Ehime,189,Imabari
114,Japan,5,Ehime,190,Iyo
114,Japan,5,Ehime,191,Kamijima
114,Japan,5,Ehime,192,Kihoku
114,Japan,5,Ehime,193,Kumakōgen
114,Japan,5,Ehime,194,Masaki
114,Japan,5,Ehime,195,Matsuno
114,Japan,5,Ehime,196,Matsuyama
114,Japan,5,Ehime,197,Niihama
114,Japan,5,Ehime,198,Saijō
114,Japan,5,Ehime,199,Seiyo
114,Japan,5,Ehime,200,Shikokuchūō
114,Japan,5,Ehime,201,Tōon
114,Japan,5,Ehime,202,Tobe
114,Japan,5,Ehime,203,Uchiko
114,Japan,5,Ehime,204,Uwajima
114,Japan,5,Ehime,205,Yawatahama
114,Japan,6,Fukui,206,Ōi
114,Japan,6,Fukui,207,Ōno
114,Japan,6,Fukui,208,Awara
114,Japan,6,Fukui,209,Echizen City
114,Japan,6,Fukui,210,Echizen
114,Japan,6,Fukui,211,Eiheiji
114,Japan,6,Fukui,212,Fukui
114,Japan,6,Fukui,213,Ikeda
114,Japan,6,Fukui,214,Katsuyama
114,Japan,6,Fukui,215,Mihama
114,Japan,6,Fukui,216,Minamiechizen
114,Japan,6,Fukui,217,Obama
114,Japan,6,Fukui,218,Sabae
114,Japan,6,Fukui,219,Sakai City
114,Japan,6,Fukui,220,Takahama
114,Japan,6,Fukui,221,Tsuruga
114,Japan,6,Fukui,222,Wakasa
114,Japan,7,Fukuoka,223,Aka
114,Japan,7,Fukuoka,224,Ōkawa
114,Japan,7,Fukuoka,225,Ōki
114,Japan,7,Fukuoka,226,Ōmuta
114,Japan,7,Fukuoka,227,Ōnojō
114,Japan,7,Fukuoka,228,Ōtō
114,Japan,7,Fukuoka,229,Asakura
114,Japan,7,Fukuoka,230,Ashiya
114,Japan,7,Fukuoka,231,Buzen
114,Japan,7,Fukuoka,232,Chikugo
114,Japan,7,Fukuoka,233,Chikujō
114,Japan,7,Fukuoka,234,Chikushino
114,Japan,7,Fukuoka,235,Chikuzen
114,Japan,7,Fukuoka,236,Dazaifu
114,Japan,7,Fukuoka,237,Fukuchi
114,Japan,7,Fukuoka,238,Fukuoka
114,Japan,7,Fukuoka,239,Fukutsu
114,Japan,7,Fukuoka,240,Hirokawa
114,Japan,7,Fukuoka,241,Hisayama
114,Japan,7,Fukuoka,242,Hoshino
114,Japan,7,Fukuoka,243,Iizuka
114,Japan,7,Fukuoka,244,Itoda
114,Japan,7,Fukuoka,245,Kōge
114,Japan,7,Fukuoka,246,Kama
114,Japan,7,Fukuoka,247,Kanda
114,Japan,7,Fukuoka,248,Kasuga
114,Japan,7,Fukuoka,249,Kasuya
114,Japan,7,Fukuoka,250,Kawara
114,Japan,7,Fukuoka,251,Kawasaki
114,Japan,7,Fukuoka,252,Keisen
114,Japan,7,Fukuoka,253,Kitakyūshū
114,Japan,7,Fukuoka,254,Koga
114,Japan,7,Fukuoka,255,Kotake
114,Japan,7,Fukuoka,256,Kurate
114,Japan,7,Fukuoka,257,Kurogi
114,Japan,7,Fukuoka,258,Kurume
114,Japan,7,Fukuoka,259,Maebaru
114,Japan,7,Fukuoka,260,Miyako
114,Japan,7,Fukuoka,261,Miyama
114,Japan,7,Fukuoka,262,Miyawaka
114,Japan,7,Fukuoka,263,Mizumaki
114,Japan,7,Fukuoka,264,Munakata
114,Japan,7,Fukuoka,265,Nōgata
114,Japan,7,Fukuoka,266,Nakagawa
114,Japan,7,Fukuoka,267,Nakama
114,Japan,7,Fukuoka,268,Nijō
114,Japan,7,Fukuoka,269,Ogōri
114,Japan,7,Fukuoka,270,Okagaki
114,Japan,7,Fukuoka,271,Onga
114,Japan,7,Fukuoka,272,Sasaguri
114,Japan,7,Fukuoka,273,Shima
114,Japan,7,Fukuoka,274,Shime
114,Japan,7,Fukuoka,275,Shingū
114,Japan,7,Fukuoka,276,Soeda
114,Japan,7,Fukuoka,277,Sue
114,Japan,7,Fukuoka,278,Tōhō
114,Japan,7,Fukuoka,279,Tachiarai
114,Japan,7,Fukuoka,280,Tachibana
114,Japan,7,Fukuoka,281,Tagawa
114,Japan,7,Fukuoka,282,Ukiha
114,Japan,7,Fukuoka,283,Umi
114,Japan,7,Fukuoka,284,Yabe
114,Japan,7,Fukuoka,285,Yame
114,Japan,7,Fukuoka,286,Yanagawa
114,Japan,7,Fukuoka,287,Yoshitomi
114,Japan,7,Fukuoka,288,Yukuhashi
114,Japan,8,Fukushima,289,Aizubange
114,Japan,8,Fukushima,290,Aizumisato
114,Japan,8,Fukushima,291,Aizuwakamatsu
114,Japan,8,Fukushima,292,Ōkuma
114,Japan,8,Fukushima,293,Ōtama
114,Japan,8,Fukushima,294,Asakawa
114,Japan,8,Fukushima,295,Bandai
114,Japan,8,Fukushima,296,Date
114,Japan,8,Fukushima,297,Fukushima
114,Japan,8,Fukushima,298,Furudono
114,Japan,8,Fukushima,299,Futaba
114,Japan,8,Fukushima,300,Hanawa
114,Japan,8,Fukushima,301,Hinoemata
114,Japan,8,Fukushima,302,Hirata
114,Japan,8,Fukushima,303,Hirono
114,Japan,8,Fukushima,304,Iino
114,Japan,8,Fukushima,305,Iitate
114,Japan,8,Fukushima,306,Inawashiro
114,Japan,8,Fukushima,307,Ishikawa
114,Japan,8,Fukushima,308,Iwaki
114,Japan,8,Fukushima,309,Izumizaki
114,Japan,8,Fukushima,310,Kōri
114,Japan,8,Fukushima,311,Kōriyama
114,Japan,8,Fukushima,312,Kagamiishi
114,Japan,8,Fukushima,313,Kaneyama
114,Japan,8,Fukushima,314,Katsurao
114,Japan,8,Fukushima,315,Kawamata
114,Japan,8,Fukushima,316,Kawauchi
114,Japan,8,Fukushima,317,Kitakata
114,Japan,8,Fukushima,318,Kitashiobara
114,Japan,8,Fukushima,319,Kunimi
114,Japan,8,Fukushima,320,Miharu
114,Japan,8,Fukushima,321,Minamiaizu
114,Japan,8,Fukushima,322,Minamisōma
114,Japan,8,Fukushima,323,Mishima
114,Japan,8,Fukushima,324,Motomiya
114,Japan,8,Fukushima,325,Nakajima
114,Japan,8,Fukushima,326,Namie
114,Japan,8,Fukushima,327,Naraha
114,Japan,8,Fukushima,328,Nihonmatsu
114,Japan,8,Fukushima,329,Nishiaizu
114,Japan,8,Fukushima,330,Nishigou
114,Japan,8,Fukushima,331,Ono
114,Japan,8,Fukushima,332,Sōma
114,Japan,8,Fukushima,333,Samegawa
114,Japan,8,Fukushima,334,Shōwa
114,Japan,8,Fukushima,335,Shimogō
114,Japan,8,Fukushima,336,Shinchi
114,Japan,8,Fukushima,337,Shirakawa
114,Japan,8,Fukushima,338,Sukagawa
114,Japan,8,Fukushima,339,Tadami
114,Japan,8,Fukushima,340,Tamakawa
114,Japan,8,Fukushima,341,Tamura
114,Japan,8,Fukushima,342,Tanagura
114,Japan,8,Fukushima,343,Ten'ei
114,Japan,8,Fukushima,344,Tomioka
114,Japan,8,Fukushima,345,Yabuki
114,Japan,8,Fukushima,346,Yamatsuri
114,Japan,8,Fukushima,347,Yanaizu
114,Japan,8,Fukushima,348,Yugawa
114,Japan,9,Gifu,349,Anpachi
114,Japan,9,Gifu,350,Ōgaki
114,Japan,9,Gifu,351,Ena
114,Japan,9,Gifu,352,Gero
114,Japan,9,Gifu,353,Gifu
114,Japan,9,Gifu,354,Ginan
114,Japan,9,Gifu,355,Godo
114,Japan,9,Gifu,356,Gujō
114,Japan,9,Gifu,357,Hashima
114,Japan,9,Gifu,358,Hichiso
114,Japan,9,Gifu,359,Hida
114,Japan,9,Gifu,360,Higashishirakawa
114,Japan,9,Gifu,361,Ibigawa
114,Japan,9,Gifu,362,Ikeda Town
114,Japan,9,Gifu,363,Kaizu
114,Japan,9,Gifu,364,Kakamigahara
114,Japan,9,Gifu,365,Kani
114,Japan,9,Gifu,366,Kasamatsu
114,Japan,9,Gifu,367,Kawabe
114,Japan,9,Gifu,368,Kitagata
114,Japan,9,Gifu,369,Minokamo
114,Japan,9,Gifu,370,Mino
114,Japan,9,Gifu,371,Mitake
114,Japan,9,Gifu,372,Mizuho
114,Japan,9,Gifu,373,Mizunami
114,Japan,9,Gifu,374,Motosu
114,Japan,9,Gifu,375,Nakatsugawa
114,Japan,9,Gifu,376,Ono
114,Japan,9,Gifu,377,Sakahogi
114,Japan,9,Gifu,378,Sekigahara
114,Japan,9,Gifu,379,Seki
114,Japan,9,Gifu,380,Shirakawa Village
114,Japan,9,Gifu,381,Shirakawa
114,Japan,9,Gifu,382,Tajimi
114,Japan,9,Gifu,383,Takayama
114,Japan,9,Gifu,384,Tarui
114,Japan,9,Gifu,385,Toki
114,Japan,9,Gifu,386,Tomika
114,Japan,9,Gifu,387,Unknown1
114,Japan,9,Gifu,388,Wanouchi
114,Japan,9,Gifu,389,Yōrō
114,Japan,9,Gifu,390,Yamagata
114,Japan,9,Gifu,391,Yaotsu
114,Japan,10,Gunma,392,Annaka
114,Japan,10,Gunma,393,Ōizumi
114,Japan,10,Gunma,394,Ōra
114,Japan,10,Gunma,395,Ōta
114,Japan,10,Gunma,396,Chiyoda
114,Japan,10,Gunma,397,Fujimi
114,Japan,10,Gunma,398,Fujioka
114,Japan,10,Gunma,399,Higashiagatsuma
114,Japan,10,Gunma,400,Isesaki
114,Japan,10,Gunma,401,Itakura
114,Japan,10,Gunma,402,Kanna
114,Japan,10,Gunma,403,Kanra
114,Japan,10,Gunma,404,Katashina
114,Japan,10,Gunma,405,Kawaba
114,Japan,10,Gunma,406,Kiryū
114,Japan,10,Gunma,407,Kuni
114,Japan,10,Gunma,408,Kusatsu
114,Japan,10,Gunma,409,Maebashi
114,Japan,10,Gunma,410,Meiwa
114,Japan,10,Gunma,411,Midori
114,Japan,10,Gunma,412,Minakami
114,Japan,10,Gunma,413,Naganohara
114,Japan,10,Gunma,414,Nakanojō
114,Japan,10,Gunma,415,Nanmoku
114,Japan,10,Gunma,416,Numata
114,Japan,10,Gunma,417,Shōwa
114,Japan,10,Gunma,418,Shibukawa
114,Japan,10,Gunma,419,Shimonita
114,Japan,10,Gunma,420,Shintō
114,Japan,10,Gunma,421,Takasaki
114,Japan,10,Gunma,422,Takayama
114,Japan,10,Gunma,423,Tamamura
114,Japan,10,Gunma,424,Tatebayashi
114,Japan,10,Gunma,425,Tomioka
114,Japan,10,Gunma,426,Tsumagoi
114,Japan,10,Gunma,427,Ueno
114,Japan,10,Gunma,428,Yoshii
114,Japan,10,Gunma,429,Yoshioka
114,Japan,11,Hiroshima,430,Akiōta
114,Japan,11,Hiroshima,431,Akitakata
114,Japan,11,Hiroshima,432,Ōsakikamijima
114,Japan,11,Hiroshima,433,Ōtake
114,Japan,11,Hiroshima,434,Etajima
114,Japan,11,Hiroshima,435,Fuchū City
114,Japan,11,Hiroshima,436,Fuchū
114,Japan,11,Hiroshima,437,Fukuyama
114,Japan,11,Hiroshima,438,Hatsukaichi
114,Japan,11,Hiroshima,439,Higashihiroshima
114,Japan,11,Hiroshima,440,Hiroshima
114,Japan,11,Hiroshima,441,Jinsekikōgen
114,Japan,11,Hiroshima,442,Kaita
114,Japan,11,Hiroshima,443,Kitahiroshima
114,Japan,11,Hiroshima,444,Kumano
114,Japan,11,Hiroshima,445,Kure
114,Japan,11,Hiroshima,446,Mihara
114,Japan,11,Hiroshima,447,Miyoshi
114,Japan,11,Hiroshima,448,Onomichi
114,Japan,11,Hiroshima,449,Saka
114,Japan,11,Hiroshima,450,Sera
114,Japan,11,Hiroshima,451,Shōbara
114,Japan,11,Hiroshima,452,Takehara
114,Japan,12,Hokkaido,453,Abashiri
114,Japan,12,Hokkaido,454,Abira
114,Japan,12,Hokkaido,455,Aibetsu
114,Japan,12,Hokkaido,456,Akabira
114,Japan,12,Hokkaido,457,Akaigawa
114,Japan,12,Hokkaido,458,Akkeshi
114,Japan,12,Hokkaido,459,Ōmu
114,Japan,12,Hokkaido,460,Ōzora
114,Japan,12,Hokkaido,461,Asahikawa
114,Japan,12,Hokkaido,462,Ashibetsu
114,Japan,12,Hokkaido,463,Ashoro
114,Japan,12,Hokkaido,464,Assabu
114,Japan,12,Hokkaido,465,Atsuma
114,Japan,12,Hokkaido,466,Betsukai
114,Japan,12,Hokkaido,467,Bibai
114,Japan,12,Hokkaido,468,Biei
114,Japan,12,Hokkaido,469,Bifuka
114,Japan,12,Hokkaido,470,Bihoro
114,Japan,12,Hokkaido,471,Biratori
114,Japan,12,Hokkaido,472,Chippubetsu
114,Japan,12,Hokkaido,473,Chitose
114,Japan,12,Hokkaido,474,Date
114,Japan,12,Hokkaido,475,Ebetsu
114,Japan,12,Hokkaido,476,Enbetsu
114,Japan,12,Hokkaido,477,Engaru
114,Japan,12,Hokkaido,478,Eniwa
114,Japan,12,Hokkaido,479,Erimo
114,Japan,12,Hokkaido,480,Esashi Capital
114,Japan,12,Hokkaido,481,Esashi
114,Japan,12,Hokkaido,482,Fukagawa
114,Japan,12,Hokkaido,483,Fukushima
114,Japan,12,Hokkaido,484,Furano
114,Japan,12,Hokkaido,485,Furubira
114,Japan,12,Hokkaido,486,Haboro
114,Japan,12,Hokkaido,487,Hakodate
114,Japan,12,Hokkaido,488,Hamanaka
114,Japan,12,Hokkaido,489,Hamatonbetsu
114,Japan,12,Hokkaido,490,Hidaka
114,Japan,12,Hokkaido,491,Higashikagura
114,Japan,12,Hokkaido,492,Higashikawa
114,Japan,12,Hokkaido,493,Hiroo
114,Japan,12,Hokkaido,494,Hokuryū
114,Japan,12,Hokkaido,495,Hokuto
114,Japan,12,Hokkaido,496,Honbetsu
114,Japan,12,Hokkaido,497,Horokanai
114,Japan,12,Hokkaido,498,Horonobe
114,Japan,12,Hokkaido,499,Ikeda
114,Japan,12,Hokkaido,500,Imakane
114,Japan,12,Hokkaido,501,Ishikari
114,Japan,12,Hokkaido,502,Iwamizawa
114,Japan,12,Hokkaido,503,Iwanai
114,Japan,12,Hokkaido,504,Kamifurano
114,Japan,12,Hokkaido,505,Kamikawa
114,Japan,12,Hokkaido,506,Kaminokuni
114,Japan,12,Hokkaido,507,Kamishihoro
114,Japan,12,Hokkaido,508,Kamisunagawa
114,Japan,12,Hokkaido,509,Kamiyūbetsu
114,Japan,12,Hokkaido,510,Kamoenai
114,Japan,12,Hokkaido,511,Kenbuchi
114,Japan,12,Hokkaido,512,Kikonai
114,Japan,12,Hokkaido,513,Kimobetsu
114,Japan,12,Hokkaido,514,Kitahiroshima
114,Japan,12,Hokkaido,515,Kitami
114,Japan,12,Hokkaido,516,Kiyosato
114,Japan,12,Hokkaido,517,Koshimizu
114,Japan,12,Hokkaido,518,Kunneppu
114,Japan,12,Hokkaido,519,Kuriyama
114,Japan,12,Hokkaido,520,Kuromatsunai
114,Japan,12,Hokkaido,521,Kushiro City
114,Japan,12,Hokkaido,522,Kushiro
114,Japan,12,Hokkaido,523,Kutchan
114,Japan,12,Hokkaido,524,Kyōgoku
114,Japan,12,Hokkaido,525,Kyōwa
114,Japan,12,Hokkaido,526,Makkari
114,Japan,12,Hokkaido,527,Makubetsu
114,Japan,12,Hokkaido,528,Mashike
114,Japan,12,Hokkaido,529,Matsumae
114,Japan,12,Hokkaido,530,Memuro
114,Japan,12,Hokkaido,531,Mikasa
114,Japan,12,Hokkaido,532,Minamifurano
114,Japan,12,Hokkaido,533,Monbetsu
114,Japan,12,Hokkaido,534,Mori
114,Japan,12,Hokkaido,535,Moseushi
114,Japan,12,Hokkaido,536,Mukawa
114,Japan,12,Hokkaido,537,Muroran
114,Japan,12,Hokkaido,538,Naganuma
114,Japan,12,Hokkaido,539,Naie
114,Japan,12,Hokkaido,540,Nakafurano
114,Japan,12,Hokkaido,541,Nakagawa
114,Japan,12,Hokkaido,542,Nakasatsunai
114,Japan,12,Hokkaido,543,Nakashibetsu
114,Japan,12,Hokkaido,544,Nakatonbetsu
114,Japan,12,Hokkaido,545,Nanae
114,Japan,12,Hokkaido,546,Nanporo
114,Japan,12,Hokkaido,547,Nayoro
114,Japan,12,Hokkaido,548,Nemuro
114,Japan,12,Hokkaido,549,Niikappu
114,Japan,12,Hokkaido,550,Niki
114,Japan,12,Hokkaido,551,Niseko
114,Japan,12,Hokkaido,552,Nishiokoppe
114,Japan,12,Hokkaido,553,Noboribetsu
114,Japan,12,Hokkaido,554,Numata
114,Japan,12,Hokkaido,555,Obihiro
114,Japan,12,Hokkaido,556,Obira
114,Japan,12,Hokkaido,557,Oketo
114,Japan,12,Hokkaido,558,Okoppe
114,Japan,12,Hokkaido,559,Okushiri
114,Japan,12,Hokkaido,560,Oshamanbe
114,Japan,12,Hokkaido,561,Otaru
114,Japan,12,Hokkaido,562,Otobe
114,Japan,12,Hokkaido,563,Otofuke
114,Japan,12,Hokkaido,564,Otoineppu
114,Japan,12,Hokkaido,565,Pippu
114,Japan,12,Hokkaido,566,Rankoshi
114,Japan,12,Hokkaido,567,Rausu
114,Japan,12,Hokkaido,568,Rebun
114,Japan,12,Hokkaido,569,Rikubetsu
114,Japan,12,Hokkaido,570,Rishirifuji
114,Japan,12,Hokkaido,571,Rishiri
114,Japan,12,Hokkaido,572,Rumoi
114,Japan,12,Hokkaido,573,Rusutsu
114,Japan,12,Hokkaido,574,Sōbetsu
114,Japan,12,Hokkaido,575,Samani
114,Japan,12,Hokkaido,576,Sapporo
114,Japan,12,Hokkaido,577,Sarabetsu
114,Japan,12,Hokkaido,578,Saroma
114,Japan,12,Hokkaido,579,Sarufutsu
114,Japan,12,Hokkaido,580,Setana
114,Japan,12,Hokkaido,581,Shakotan
114,Japan,12,Hokkaido,582,Shari
114,Japan,12,Hokkaido,583,Shibecha
114,Japan,12,Hokkaido,584,Shibetsu City
114,Japan,12,Hokkaido,585,Shibetsu
114,Japan,12,Hokkaido,586,Shihoro
114,Japan,12,Hokkaido,587,Shikabe
114,Japan,12,Hokkaido,588,Shikaoi
114,Japan,12,Hokkaido,589,Shimamaki
114,Japan,12,Hokkaido,590,Shimizu
114,Japan,12,Hokkaido,591,Shimokawa
114,Japan,12,Hokkaido,592,Shimukappu
114,Japan,12,Hokkaido,593,Shinhidaka
114,Japan,12,Hokkaido,594,Shinshinotsu
114,Japan,12,Hokkaido,595,Shintoku
114,Japan,12,Hokkaido,596,Shintotsukawa
114,Japan,12,Hokkaido,597,Shiranuka
114,Japan,12,Hokkaido,598,Shiraoi
114,Japan,12,Hokkaido,599,Shiriuchi
114,Japan,12,Hokkaido,600,Shosanbetsu
114,Japan,12,Hokkaido,601,Sunagawa
114,Japan,12,Hokkaido,602,Suttsu
114,Japan,12,Hokkaido,603,Tōbetsu
114,Japan,12,Hokkaido,604,Tōma
114,Japan,12,Hokkaido,605,Tōyako
114,Japan,12,Hokkaido,606,Taiki
114,Japan,12,Hokkaido,607,Takasu
114,Japan,12,Hokkaido,608,Takikawa
114,Japan,12,Hokkaido,609,Takinoue
114,Japan,12,Hokkaido,610,Teshikaga
114,Japan,12,Hokkaido,611,Teshio
114,Japan,12,Hokkaido,612,Tomakomai
114,Japan,12,Hokkaido,613,Tomamae
114,Japan,12,Hokkaido,614,Tomari
114,Japan,12,Hokkaido,615,Toyokoro
114,Japan,12,Hokkaido,616,Toyotomi
114,Japan,12,Hokkaido,617,Toyoura
114,Japan,12,Hokkaido,618,Tsubetsu
114,Japan,12,Hokkaido,619,Tsukigata
114,Japan,12,Hokkaido,620,Tsurui
114,Japan,12,Hokkaido,621,Urahoro
114,Japan,12,Hokkaido,622,Urakawa
114,Japan,12,Hokkaido,623,Urausu
114,Japan,12,Hokkaido,624,Uryū
114,Japan,12,Hokkaido,625,Utashinai
114,Japan,12,Hokkaido,626,Wakkanai
114,Japan,12,Hokkaido,627,Wassamu
114,Japan,12,Hokkaido,628,Yūbari
114,Japan,12,Hokkaido,629,Yūbetsu
114,Japan,12,Hokkaido,630,Yakumo
114,Japan,12,Hokkaido,631,Yoichi
114,Japan,12,Hokkaido,632,Yuni
114,Japan,13,Hyōgo,633,Aioi
114,Japan,13,Hyōgo,634,Akō
114,Japan,13,Hyōgo,635,Akashi
114,Japan,13,Hyōgo,636,Amagasaki
114,Japan,13,Hyōgo,637,Asago
114,Japan,13,Hyōgo,638,Ashiya
114,Japan,13,Hyōgo,639,Awaji
114,Japan,13,Hyōgo,640,Fukusaki
114,Japan,13,Hyōgo,641,Harima
114,Japan,13,Hyōgo,642,Himeji
114,Japan,13,Hyōgo,643,Ichikawa
114,Japan,13,Hyōgo,644,Inagawa
114,Japan,13,Hyōgo,645,Inami
114,Japan,13,Hyōgo,646,Itami
114,Japan,13,Hyōgo,647,Kakogawa
114,Japan,13,Hyōgo,648,Kamigōri
114,Japan,13,Hyōgo,649,Kamikawa
114,Japan,13,Hyōgo,650,Kami
114,Japan,13,Hyōgo,651,Kasai
114,Japan,13,Hyōgo,652,Katō
114,Japan,13,Hyōgo,653,Kawanishi
114,Japan,13,Hyōgo,654,Kobe
114,Japan,13,Hyōgo,655,Miki
114,Japan,13,Hyōgo,656,Minamiawaji
114,Japan,13,Hyōgo,657,Nishinomiya
114,Japan,13,Hyōgo,658,Nishiwaki
114,Japan,13,Hyōgo,659,Ono
114,Japan,13,Hyōgo,660,Sanda
114,Japan,13,Hyōgo,661,Sasayama
114,Japan,13,Hyōgo,662,Sayō
114,Japan,13,Hyōgo,663,Shin'onsen
114,Japan,13,Hyōgo,664,Shisō
114,Japan,13,Hyōgo,665,Sumoto
114,Japan,13,Hyōgo,666,Taishi
114,Japan,13,Hyōgo,667,Taka
114,Japan,13,Hyōgo,668,Takarazuka
114,Japan,13,Hyōgo,669,Takasago
114,Japan,13,Hyōgo,670,Tamba
114,Japan,13,Hyōgo,671,Tatsuno
114,Japan,13,Hyōgo,672,Toyooka
114,Japan,13,Hyōgo,673,Yabu
114,Japan,14,Ibaraki,674,Ami
114,Japan,14,Ibaraki,675,Ōarai
114,Japan,14,Ibaraki,676,Bandō
114,Japan,14,Ibaraki,677,Chikusei
114,Japan,14,Ibaraki,678,Daigo
114,Japan,14,Ibaraki,679,Goka
114,Japan,14,Ibaraki,680,Hitachiōmiya
114,Japan,14,Ibaraki,681,Hitachiōta
114,Japan,14,Ibaraki,682,Hitachinaka
114,Japan,14,Ibaraki,683,Hitachi
114,Japan,14,Ibaraki,684,Hokota
114,Japan,14,Ibaraki,685,Ibaraki
114,Japan,14,Ibaraki,686,Inashiki
114,Japan,14,Ibaraki,687,Ishioka
114,Japan,14,Ibaraki,688,Itako
114,Japan,14,Ibaraki,689,Jōsō
114,Japan,14,Ibaraki,690,Kamisu
114,Japan,14,Ibaraki,691,Kasama
114,Japan,14,Ibaraki,692,Kashima
114,Japan,14,Ibaraki,693,Kasumigaura
114,Japan,14,Ibaraki,694,Kawachi
114,Japan,14,Ibaraki,695,Kitaibaraki
114,Japan,14,Ibaraki,696,Koga
114,Japan,14,Ibaraki,697,Miho
114,Japan,14,Ibaraki,698,Mito
114,Japan,14,Ibaraki,699,Moriya
114,Japan,14,Ibaraki,700,Naka
114,Japan,14,Ibaraki,701,Namegata
114,Japan,14,Ibaraki,702,Omitama
114,Japan,14,Ibaraki,703,Ryūgasaki
114,Japan,14,Ibaraki,704,Sakai
114,Japan,14,Ibaraki,705,Sakuragawa
114,Japan,14,Ibaraki,706,Shimotsuma
114,Japan,14,Ibaraki,707,Shirosato
114,Japan,14,Ibaraki,708,Tōkai
114,Japan,14,Ibaraki,709,Takahagi
114,Japan,14,Ibaraki,710,Tone
114,Japan,14,Ibaraki,711,Toride
114,Japan,14,Ibaraki,712,Tsuchiura
114,Japan,16,Iwate,766,Shizukuishi
114,Japan,16,Iwate,767,Sumita
114,Japan,16,Iwate,768,Tōno
114,Japan,16,Iwate,769,Takizawa
114,Japan,16,Iwate,770,Tanohata
114,Japan,16,Iwate,771,Yahaba
114,Japan,16,Iwate,772,Yamada
114,Japan,17,Kagawa,773,Ayagawa
114,Japan,17,Kagawa,774,Higashikagawa
114,Japan,17,Kagawa,775,Kan'onji
114,Japan,17,Kagawa,776,Kotohira
114,Japan,17,Kagawa,777,Mannō
114,Japan,17,Kagawa,778,Marugame
114,Japan,17,Kagawa,779,Miki
114,Japan,17,Kagawa,780,Mitoyo
114,Japan,17,Kagawa,781,Sakaide
114,Japan,17,Kagawa,782,Sanuki
114,Japan,17,Kagawa,783,Tadotsu
114,Japan,17,Kagawa,784,Takamatsu
114,Japan,17,Kagawa,785,Utazu
114,Japan,17,Kagawa,786,Zentsūji
114,Japan,18,Kagoshima,787,Aira
114,Japan,18,Kagoshima,788,Akune
114,Japan,18,Kagoshima,789,Amagi
114,Japan,18,Kagoshima,790,Amami
114,Japan,18,Kagoshima,791,Ōkuchi
114,Japan,18,Kagoshima,792,Ōsaki
114,Japan,29,Niigata,1242,Yahiko
114,Japan,29,Niigata,1243,Yuzawa
114,Japan,30,Oita,1244,Ōita
114,Japan,30,Oita,1245,Beppu
114,Japan,30,Oita,1246,Bungo-ōno
114,Japan,30,Oita,1247,Bungotakada
114,Japan,30,Oita,1248,Hiji
114,Japan,30,Oita,1249,Himeshima
114,Japan,30,Oita,1250,Hita
114,Japan,30,Oita,1251,Kitsuki
114,Japan,30,Oita,1252,Kokonoe
114,Japan,30,Oita,1253,Kunisaki
114,Japan,30,Oita,1254,Kusu
114,Japan,30,Oita,1255,Nakatsu
114,Japan,30,Oita,1256,Saiki
114,Japan,30,Oita,1257,Taketa
114,Japan,30,Oita,1258,Tsukumi
114,Japan,30,Oita,1259,Usa
114,Japan,30,Oita,1260,Usuki
114,Japan,30,Oita,1261,Yufu
114,Japan,31,Okayama,1262,Akaiwa
114,Japan,31,Okayama,1263,Asakuchi
114,Japan,31,Okayama,1264,Bizen
114,Japan,31,Okayama,1265,Hayashima
114,Japan,31,Okayama,1266,Ibara
114,Japan,31,Okayama,1267,Kagamino
114,Japan,31,Okayama,1268,Kasaoka
114,Japan,14,Ibaraki,713,Tsukubamirai
114,Japan,14,Ibaraki,714,Tsukuba
114,Japan,14,Ibaraki,715,Ushiku
114,Japan,14,Ibaraki,716,Water body
114,Japan,14,Ibaraki,717,Yūki
114,Japan,14,Ibaraki,718,Yachiyo
114,Japan,15,Ishikawa,719,Anamizu
114,Japan,15,Ishikawa,720,Hakui
114,Japan,15,Ishikawa,721,Hakusan
114,Japan,15,Ishikawa,722,Hodatsushimizu
114,Japan,15,Ishikawa,723,Kaga
114,Japan,15,Ishikawa,724,Kahoku
114,Japan,15,Ishikawa,725,Kanazawa
114,Japan,15,Ishikawa,726,Kawakita
114,Japan,15,Ishikawa,727,Komatsu
114,Japan,15,Ishikawa,728,Nakanoto
114,Japan,15,Ishikawa,729,Nanao
114,Japan,15,Ishikawa,730,Nomi
114,Japan,15,Ishikawa,731,Nonoichi
114,Japan,15,Ishikawa,732,Noto
114,Japan,15,Ishikawa,733,Shika
114,Japan,15,Ishikawa,734,Suzu
114,Japan,15,Ishikawa,735,Tsubata
114,Japan,15,Ishikawa,736,Uchinada
114,Japan,15,Ishikawa,737,Wajima
114,Japan,16,Iwate,738,Ōfunato
114,Japan,31,Okayama,1269,Kibichūō
114,Japan,31,Okayama,1270,Kumenan
114,Japan,31,Okayama,1271,Kurashiki
114,Japan,31,Okayama,1272,Maniwa
114,Japan,31,Okayama,1273,Mimasaka
114,Japan,31,Okayama,1274,Misaki
114,Japan,31,Okayama,1275,Nagi
114,Japan,31,Okayama,1276,Naoshima
114,Japan,31,Okayama,1277,Niimi
114,Japan,31,Okayama,1278,Nishiawakura
114,Japan,31,Okayama,1279,Okayama
114,Japan,31,Okayama,1280,Sōja
114,Japan,31,Okayama,1281,Satoshō
114,Japan,31,Okayama,1282,Setouchi
114,Japan,31,Okayama,1283,Shōō
114,Japan,31,Okayama,1284,Shōdoshima
114,Japan,31,Okayama,1285,Shinjō
114,Japan,31,Okayama,1286,Takahashi
114,Japan,31,Okayama,1287,Tamano
114,Japan,31,Okayama,1288,Tonoshō
114,Japan,31,Okayama,1289,Tsuyama
114,Japan,31,Okayama,1290,Wake
114,Japan,31,Okayama,1291,Yakage
114,Japan,32,Okinawa,1292,Aguni
114,Japan,32,Okinawa,1293,Ōgimi
114,Japan,32,Okinawa,1294,Chatan
114,Japan,33,Osaka,1347,Kadoma
114,Japan,33,Osaka,1348,Kaizuka
114,Japan,33,Osaka,1349,Kanan
114,Japan,33,Osaka,1350,Kashiwara
114,Japan,33,Osaka,1351,Katano
114,Japan,33,Osaka,1352,Kawachinagano
114,Japan,33,Osaka,1353,Kishiwada
114,Japan,33,Osaka,1354,Kumatori
114,Japan,33,Osaka,1355,Matsubara
114,Japan,33,Osaka,1356,Minoo
114,Japan,33,Osaka,1357,Misaki
114,Japan,33,Osaka,1358,Moriguchi
114,Japan,33,Osaka,1359,Neyagawa
114,Japan,33,Osaka,1360,Nose
114,Japan,33,Osaka,1361,Osaka
114,Japan,33,Osaka,1362,Sakai
114,Japan,33,Osaka,1363,Sennan
114,Japan,33,Osaka,1364,Settsu
114,Japan,33,Osaka,1365,Shijōnawate
114,Japan,33,Osaka,1366,Shimamoto
114,Japan,33,Osaka,1367,Suita
114,Japan,33,Osaka,1368,Tadaoka
114,Japan,33,Osaka,1369,Taishi
114,Japan,33,Osaka,1370,Tajiri
114,Japan,33,Osaka,1371,Takaishi
114,Japan,33,Osaka,1372,Takatsuki
114,Japan,16,Iwate,739,Ōshū
114,Japan,16,Iwate,740,Ōtsuchi
114,Japan,16,Iwate,741,Fudai
114,Japan,16,Iwate,742,Fujisawa
114,Japan,16,Iwate,743,Hachimantai
114,Japan,16,Iwate,744,Hanamaki
114,Japan,16,Iwate,745,Hiraizumi
114,Japan,16,Iwate,746,Hirono
114,Japan,16,Iwate,747,Ichinohe
114,Japan,16,Iwate,748,Ichinoseki
114,Japan,16,Iwate,749,Iwate
114,Japan,16,Iwate,750,Iwazumi
114,Japan,16,Iwate,751,Kamaishi
114,Japan,16,Iwate,752,Kanegasaki
114,Japan,16,Iwate,753,Karumai
114,Japan,16,Iwate,754,Kawai
114,Japan,16,Iwate,755,Kitakami
114,Japan,16,Iwate,756,Kuji
114,Japan,16,Iwate,757,Kunohe
114,Japan,16,Iwate,758,Kuzumaki
114,Japan,16,Iwate,759,Miyako
114,Japan,16,Iwate,760,Morioka
114,Japan,16,Iwate,761,Ninohe
114,Japan,16,Iwate,762,Nishiwaga
114,Japan,16,Iwate,763,Noda
114,Japan,16,Iwate,764,Rikuzentakata
114,Japan,16,Iwate,765,Shiwa
114,Japan,18,Kagoshima,793,China
114,Japan,18,Kagoshima,794,Higashikushira
114,Japan,18,Kagoshima,795,Hioki
114,Japan,18,Kagoshima,796,Hishikari
114,Japan,18,Kagoshima,797,Ibusuki
114,Japan,18,Kagoshima,798,Ichikikushikino
114,Japan,18,Kagoshima,799,Isen
114,Japan,18,Kagoshima,800,Izumi
114,Japan,18,Kagoshima,801,Kagoshima
114,Japan,18,Kagoshima,802,Kajiki
114,Japan,18,Kagoshima,803,Kamō
114,Japan,18,Kagoshima,804,Kanoya
114,Japan,18,Kagoshima,805,Kikai
114,Japan,18,Kagoshima,806,Kimotsuki
114,Japan,18,Kagoshima,807,Kinkō
114,Japan,18,Kagoshima,808,Kirishima
114,Japan,18,Kagoshima,809,Makurazaki
114,Japan,18,Kagoshima,810,Minamiōsumi
114,Japan,18,Kagoshima,811,Minamikyūshū
114,Japan,18,Kagoshima,812,Minamisatsuma
114,Japan,18,Kagoshima,813,Minamitane
114,Japan,18,Kagoshima,814,Mishima
114,Japan,18,Kagoshima,815,Nagashima
114,Japan,18,Kagoshima,816,Nakatane
114,Japan,18,Kagoshima,817,Nishinoomote
114,Japan,18,Kagoshima,818,Satsuma
114,Japan,18,Kagoshima,819,Satsumasendai
114,Japan,18,Kagoshima,820,Setouchi
114,Japan,18,Kagoshima,821,Shibushi
114,Japan,18,Kagoshima,822,Soo
114,Japan,18,Kagoshima,823,Tarumizu
114,Japan,18,Kagoshima,824,Tatsugō
114,Japan,18,Kagoshima,825,Tokunoshima
114,Japan,18,Kagoshima,826,Toshima
114,Japan,18,Kagoshima,827,Uken
114,Japan,18,Kagoshima,828,Wadomari
114,Japan,18,Kagoshima,829,Yūsui
114,Japan,18,Kagoshima,830,Yakushima
114,Japan,18,Kagoshima,831,Yamato
114,Japan,18,Kagoshima,832,Yoron
114,Japan,19,Kanagawa,833,Aikawa
114,Japan,19,Kanagawa,834,Ōi
114,Japan,19,Kanagawa,835,Ōiso
114,Japan,19,Kanagawa,836,Atsugi
114,Japan,19,Kanagawa,837,Ayase
114,Japan,19,Kanagawa,838,Chigasaki
114,Japan,19,Kanagawa,839,Ebina
114,Japan,19,Kanagawa,840,Fujisawa
114,Japan,19,Kanagawa,841,Hadano
114,Japan,19,Kanagawa,842,Hakone
114,Japan,19,Kanagawa,843,Hayama
114,Japan,19,Kanagawa,844,Hiratsuka
114,Japan,19,Kanagawa,845,Isehara
114,Japan,19,Kanagawa,846,Kaisei
114,Japan,19,Kanagawa,847,Kamakura
114,Japan,19,Kanagawa,848,Kawasaki
114,Japan,19,Kanagawa,849,Kiyokawa
114,Japan,19,Kanagawa,850,Manazuru
114,Japan,19,Kanagawa,851,Matsuda
114,Japan,19,Kanagawa,852,Minamiashigara
114,Japan,19,Kanagawa,853,Miura
114,Japan,19,Kanagawa,854,Nakai
114,Japan,19,Kanagawa,855,Ninomiya
114,Japan,19,Kanagawa,856,Odawara
114,Japan,19,Kanagawa,857,Sagamihara
114,Japan,19,Kanagawa,858,Samukawa
114,Japan,19,Kanagawa,859,Yamakita
114,Japan,19,Kanagawa,860,Yamato
114,Japan,19,Kanagawa,861,Yokohama
114,Japan,19,Kanagawa,862,Yokosuka
114,Japan,19,Kanagawa,863,Yugawara
114,Japan,19,Kanagawa,864,Zama
114,Japan,19,Kanagawa,865,Zushi
114,Japan,20,Kochi,866,Aki
114,Japan,20,Kochi,867,Ōkawa
114,Japan,20,Kochi,868,Ōtoyo
114,Japan,20,Kochi,869,Ōtsuki
114,Japan,20,Kochi,870,Geisei
114,Japan,20,Kochi,871,Haruno
114,Japan,20,Kochi,872,Hidaka
114,Japan,20,Kochi,873,Ino
114,Japan,20,Kochi,874,Kōchi
114,Japan,20,Kochi,875,Kōnan
114,Japan,20,Kochi,876,Kami
114,Japan,20,Kochi,877,Kitagawa
114,Japan,20,Kochi,878,Kuroshio
114,Japan,20,Kochi,879,Mihara
114,Japan,20,Kochi,880,Motoyama
114,Japan,20,Kochi,881,Muroto
114,Japan,20,Kochi,882,Nahari
114,Japan,20,Kochi,883,Nakatosa
114,Japan,20,Kochi,884,Nankoku
114,Japan,20,Kochi,885,Niyodogawa
114,Japan,20,Kochi,886,Ochi
114,Japan,20,Kochi,887,Sakawa
114,Japan,20,Kochi,888,Shimanto City
114,Japan,20,Kochi,889,Shimanto
114,Japan,20,Kochi,890,Sukumo
114,Japan,20,Kochi,891,Susaki
114,Japan,20,Kochi,892,Tōyō
114,Japan,20,Kochi,893,Tano
114,Japan,20,Kochi,894,Tosa City
114,Japan,20,Kochi,895,Tosa
114,Japan,20,Kochi,896,Tosashimizu
114,Japan,20,Kochi,897,Tsuno
114,Japan,20,Kochi,898,Umaji
114,Japan,20,Kochi,899,Yasuda
114,Japan,20,Kochi,900,Yusuhara
114,Japan,21,Kumamoto,901,Amakusa
114,Japan,21,Kumamoto,902,Ōzu
114,Japan,21,Kumamoto,903,Asagiri
114,Japan,21,Kumamoto,904,Ashikita
114,Japan,21,Kumamoto,905,Aso
114,Japan,21,Kumamoto,906,Gyokutō
114,Japan,21,Kumamoto,907,Hikawa
114,Japan,21,Kumamoto,908,Hitoyoshi
114,Japan,21,Kumamoto,909,Itsuki
114,Japan,21,Kumamoto,910,Jōnan
114,Japan,21,Kumamoto,911,Kōsa
114,Japan,21,Kumamoto,912,Kōshi
114,Japan,21,Kumamoto,913,Kami-Amakusa
114,Japan,21,Kumamoto,914,Kashima
114,Japan,21,Kumamoto,915,Kikuchi
114,Japan,21,Kumamoto,916,Kikuyō
114,Japan,21,Kumamoto,917,Kumamoto
114,Japan,21,Kumamoto,918,Kuma
114,Japan,21,Kumamoto,919,Mashiki
114,Japan,21,Kumamoto,920,Mifune
114,Japan,21,Kumamoto,921,Minamata
114,Japan,21,Kumamoto,922,Minamiaso
114,Japan,21,Kumamoto,923,Minamioguni
114,Japan,21,Kumamoto,924,Misato
114,Japan,21,Kumamoto,925,Mizukami
114,Japan,21,Kumamoto,926,Nagasu
114,Japan,21,Kumamoto,927,Nagomi
114,Japan,21,Kumamoto,928,Nankan
114,Japan,21,Kumamoto,929,Nishihara
114,Japan,21,Kumamoto,930,Nishiki
114,Japan,21,Kumamoto,931,Oguni
114,Japan,21,Kumamoto,932,Reihoku
114,Japan,21,Kumamoto,933,Sagara
114,Japan,21,Kumamoto,934,Takamori
114,Japan,21,Kumamoto,935,Tamana
114,Japan,21,Kumamoto,936,Taragi
114,Japan,21,Kumamoto,937,Tomiai
114,Japan,21,Kumamoto,938,Tsunagi
114,Japan,21,Kumamoto,939,Ubuyama
114,Japan,21,Kumamoto,940,Ueki
114,Japan,21,Kumamoto,941,Uki
114,Japan,21,Kumamoto,942,Unknown6
114,Japan,21,Kumamoto,943,Uto
114,Japan,21,Kumamoto,944,Yamae
114,Japan,21,Kumamoto,945,Yamaga
114,Japan,21,Kumamoto,946,Yamato
114,Japan,21,Kumamoto,947,Yatsushiro
114,Japan,21,Kumamoto,948,Yunomae
114,Japan,22,Kyoto,949,Ōyamazaki
114,Japan,22,Kyoto,950,Ayabe
114,Japan,22,Kyoto,951,Fukuchiyama
114,Japan,22,Kyoto,952,Ide
114,Japan,22,Kyoto,953,Ine
114,Japan,22,Kyoto,954,Jōyō
114,Japan,22,Kyoto,955,Kameoka
114,Japan,22,Kyoto,956,Kasagi
114,Japan,22,Kyoto,957,Kizugawa
114,Japan,22,Kyoto,958,Kumiyama
114,Japan,22,Kyoto,959,Kyōtamba
114,Japan,22,Kyoto,960,Kyōtanabe
114,Japan,22,Kyoto,961,Kyōtango
114,Japan,22,Kyoto,962,Kyoto
114,Japan,22,Kyoto,963,Maizuru
114,Japan,22,Kyoto,964,Minamiyamashiro
114,Japan,22,Kyoto,965,Miyazu
114,Japan,22,Kyoto,966,Mukō
114,Japan,22,Kyoto,967,Nagaokakyō
114,Japan,22,Kyoto,968,Nantan
114,Japan,22,Kyoto,969,Seika
114,Japan,22,Kyoto,970,Uji
114,Japan,22,Kyoto,971,Ujitawara
114,Japan,22,Kyoto,972,Wazuka
114,Japan,22,Kyoto,973,Yawata
114,Japan,22,Kyoto,974,Yosano
114,Japan,23,Mie,975,Ōdai
114,Japan,23,Mie,976,Asahi
114,Japan,23,Mie,977,Iga
114,Japan,23,Mie,978,Inabe
114,Japan,23,Mie,979,Ise
114,Japan,23,Mie,980,Kameyama
114,Japan,23,Mie,981,Kawagoe
114,Japan,23,Mie,982,Kihō
114,Japan,23,Mie,983,Kihoku
114,Japan,23,Mie,984,Komono
114,Japan,23,Mie,985,Kumano
114,Japan,23,Mie,986,Kuwana
114,Japan,23,Mie,987,Matsusaka
114,Japan,23,Mie,988,Meiwa
114,Japan,23,Mie,989,Mihama
114,Japan,23,Mie,990,Minamiise
114,Japan,23,Mie,991,Nabari
114,Japan,23,Mie,992,Owase
114,Japan,23,Mie,993,Shima
114,Japan,23,Mie,994,Suzuka
114,Japan,23,Mie,995,Tōin
114,Japan,23,Mie,996,Taiki
114,Japan,23,Mie,997,Taki
114,Japan,23,Mie,998,Tamaki
114,Japan,23,Mie,999,Toba
114,Japan,23,Mie,1000,Tsu
114,Japan,23,Mie,1001,Watarai
114,Japan,23,Mie,1002,Yokkaichi
114,Japan,24,Miyagi,1003,Ōgawara
114,Japan,24,Miyagi,1004,Ōhira
114,Japan,24,Miyagi,1005,Ōsaki
114,Japan,24,Miyagi,1006,Ōsato
114,Japan,24,Miyagi,1007,Higashimatsushima
114,Japan,24,Miyagi,1008,Ishinomaki
114,Japan,24,Miyagi,1009,Iwanuma
114,Japan,24,Miyagi,1010,Kakuda
114,Japan,24,Miyagi,1011,Kami Town
114,Japan,24,Miyagi,1012,Kawasaki
114,Japan,24,Miyagi,1013,Kesennuma
114,Japan,24,Miyagi,1014,Kurihara
114,Japan,24,Miyagi,1015,Marumori
114,Japan,24,Miyagi,1016,Matsushima
114,Japan,24,Miyagi,1017,Minamisanriku
114,Japan,24,Miyagi,1018,Misato
114,Japan,24,Miyagi,1019,Motoyoshi
114,Japan,24,Miyagi,1020,Murata
114,Japan,24,Miyagi,1021,Natori
114,Japan,24,Miyagi,1022,Onagawa
114,Japan,24,Miyagi,1023,Rifu
114,Japan,24,Miyagi,1024,Sendai
114,Japan,24,Miyagi,1025,Shibata
114,Japan,24,Miyagi,1026,Shichigahama
114,Japan,24,Miyagi,1027,Shichikashuku
114,Japan,24,Miyagi,1028,Shikama
114,Japan,24,Miyagi,1029,Shiogama
114,Japan,24,Miyagi,1030,Shiroishi
114,Japan,24,Miyagi,1031,Tagajō
114,Japan,24,Miyagi,1032,Taiwa
114,Japan,24,Miyagi,1033,Tome
114,Japan,24,Miyagi,1034,Tomiya
114,Japan,24,Miyagi,1035,Wakuya
114,Japan,24,Miyagi,1036,Watari
114,Japan,24,Miyagi,1037,Yamamoto
114,Japan,24,Miyagi,1038,Zaō
114,Japan,25,Miyazaki,1039,Aya
114,Japan,25,Miyazaki,1040,Ebino
114,Japan,25,Miyazaki,1041,Gokase
114,Japan,25,Miyazaki,1042,Hinokage
114,Japan,25,Miyazaki,1043,Hyūga
114,Japan,25,Miyazaki,1044,Kadogawa
114,Japan,25,Miyazaki,1045,Kawaminami
114,Japan,25,Miyazaki,1046,Kijō
114,Japan,25,Miyazaki,1047,Kitagō
114,Japan,25,Miyazaki,1048,Kiyotake
114,Japan,25,Miyazaki,1049,Kobayashi
114,Japan,25,Miyazaki,1050,Kunitomi
114,Japan,25,Miyazaki,1051,Kushima
114,Japan,25,Miyazaki,1052,Mimata
114,Japan,25,Miyazaki,1053,Misato
114,Japan,25,Miyazaki,1054,Miyakonojō
114,Japan,25,Miyazaki,1055,Miyazaki
114,Japan,25,Miyazaki,1056,Morotsuka
114,Japan,25,Miyazaki,1057,Nangō
114,Japan,25,Miyazaki,1058,Nichinan
114,Japan,25,Miyazaki,1059,Nishimera
114,Japan,25,Miyazaki,1060,Nobeoka
114,Japan,25,Miyazaki,1061,Nojiri
114,Japan,25,Miyazaki,1062,Saito
114,Japan,25,Miyazaki,1063,Shība
114,Japan,25,Miyazaki,1064,Shintomi
114,Japan,25,Miyazaki,1065,Takachiho
114,Japan,25,Miyazaki,1066,Takaharu
114,Japan,25,Miyazaki,1067,Takanabe
114,Japan,25,Miyazaki,1068,Tsuno
114,Japan,26,Nagano,1069,Achi
114,Japan,26,Nagano,1070,Agematsu
114,Japan,26,Nagano,1071,Anan
114,Japan,26,Nagano,1072,Ōkuwa
114,Japan,26,Nagano,1073,Ōmachi
114,Japan,26,Nagano,1074,Ōshika
114,Japan,26,Nagano,1075,Ōtaki
114,Japan,26,Nagano,1076,Aoki
114,Japan,26,Nagano,1077,Asahi
114,Japan,26,Nagano,1078,Azumino
114,Japan,26,Nagano,1079,Chikuhoku
114,Japan,26,Nagano,1080,Chikuma
114,Japan,26,Nagano,1081,Chino
114,Japan,26,Nagano,1082,Fujimi
114,Japan,26,Nagano,1083,Hakuba
114,Japan,26,Nagano,1084,Hara
114,Japan,26,Nagano,1085,Hata
114,Japan,26,Nagano,1086,Hiraya
114,Japan,26,Nagano,1087,Iida
114,Japan,26,Nagano,1088,Iijima
114,Japan,26,Nagano,1089,Iiyama
114,Japan,26,Nagano,1090,Iizuna
114,Japan,26,Nagano,1091,Ikeda
114,Japan,26,Nagano,1092,Ikusaka
114,Japan,26,Nagano,1093,Ina
114,Japan,26,Nagano,1094,Karuizawa
114,Japan,26,Nagano,1095,Kawakami
114,Japan,26,Nagano,1096,Kijimadaira
114,Japan,26,Nagano,1097,Kiso Village
114,Japan,26,Nagano,1098,Kiso
114,Japan,26,Nagano,1099,Kitaaiki
114,Japan,26,Nagano,1100,Komagane
114,Japan,26,Nagano,1101,Komoro
114,Japan,26,Nagano,1102,Koumi
114,Japan,26,Nagano,1103,Matsukawa
114,Japan,26,Nagano,1104,Matsumoto
114,Japan,26,Nagano,1105,Minamiaiki
114,Japan,26,Nagano,1106,Minamimak
114,Japan,26,Nagano,1107,Minamiminowa
114,Japan,26,Nagano,1108,Minowa
114,Japan,26,Nagano,1109,Miyada
114,Japan,26,Nagano,1110,Miyota
114,Japan,26,Nagano,1111,Nagano
114,Japan,26,Nagano,1112,Nagawa
114,Japan,26,Nagano,1113,Nagiso
114,Japan,26,Nagano,1114,Nakagawa
114,Japan,26,Nagano,1115,Nakajō
114,Japan,26,Nagano,1116,Nakano
114,Japan,26,Nagano,1117,Neba
114,Japan,26,Nagano,1118,Nozawaonsen
114,Japan,26,Nagano,1119,Obuse
114,Japan,26,Nagano,1120,Ogawa
114,Japan,26,Nagano,1121,Okaya
114,Japan,26,Nagano,1122,Omi
114,Japan,26,Nagano,1123,Otari
114,Japan,26,Nagano,1124,Sakae
114,Japan,26,Nagano,1125,Sakaki
114,Japan,26,Nagano,1126,Sakuho
114,Japan,26,Nagano,1127,Saku
114,Japan,26,Nagano,1128,Seinaiji
114,Japan,26,Nagano,1129,Shimojō
114,Japan,26,Nagano,1130,Shimosuwa
114,Japan,26,Nagano,1131,Shinano
114,Japan,26,Nagano,1132,Shinshūshin
114,Japan,26,Nagano,1133,Shiojiri
114,Japan,26,Nagano,1134,Suwa
114,Japan,26,Nagano,1135,Suzaka
114,Japan,26,Nagano,1136,Tōmi
114,Japan,26,Nagano,1137,Takagi
114,Japan,26,Nagano,1138,Takamori
114,Japan,26,Nagano,1139,Takayama
114,Japan,26,Nagano,1140,Tateshina
114,Japan,26,Nagano,1141,Tatsuno
114,Japan,26,Nagano,1142,Tenryū
114,Japan,26,Nagano,1143,Toyooka
114,Japan,26,Nagano,1144,Ueda
114,Japan,26,Nagano,1145,Unknown3
114,Japan,26,Nagano,1146,Unknown4
114,Japan,26,Nagano,1147,Urugi
114,Japan,26,Nagano,1148,Yamagata
114,Japan,26,Nagano,1149,Yamanouchi
114,Japan,26,Nagano,1150,Yasuoka
114,Japan,27,Naoasaki,1151,Ōmura
114,Japan,27,Naoasaki,1152,Emukae
114,Japan,27,Naoasaki,1153,Gotō
114,Japan,27,Naoasaki,1154,Hasami
114,Japan,27,Naoasaki,1155,Higashisonogi
114,Japan,27,Naoasaki,1156,Hirado
114,Japan,27,Naoasaki,1157,Iki
114,Japan,27,Naoasaki,1158,Isahaya
114,Japan,27,Naoasaki,1159,Kawatana
114,Japan,27,Naoasaki,1160,Matsuura
114,Japan,27,Naoasaki,1161,Minamishimabara
114,Japan,27,Naoasaki,1162,Nagasaki
114,Japan,27,Naoasaki,1163,Nagayo
114,Japan,27,Naoasaki,1164,Ojika
114,Japan,27,Naoasaki,1165,Saikai
114,Japan,27,Naoasaki,1166,Sasebo
114,Japan,27,Naoasaki,1167,Saza
114,Japan,27,Naoasaki,1168,Shikamachi
114,Japan,27,Naoasaki,1169,Shimabara
114,Japan,27,Naoasaki,1170,Shinkamigotō
114,Japan,27,Naoasaki,1171,Togitsu
114,Japan,27,Naoasaki,1172,Tsushima
114,Japan,27,Naoasaki,1173,Unzen
114,Japan,28,Nara,1174,Ando
114,Japan,28,Nara,1175,Ōji
114,Japan,28,Nara,1176,Ōyodo
114,Japan,28,Nara,1177,Asuka
114,Japan,28,Nara,1178,Gojō
114,Japan,28,Nara,1179,Gose
114,Japan,28,Nara,1180,Heguri
114,Japan,28,Nara,1181,Higashiyoshino
114,Japan,28,Nara,1182,Ikaruga
114,Japan,28,Nara,1183,Ikoma
114,Japan,28,Nara,1184,Kōryō
114,Japan,28,Nara,1185,Kamikitayama
114,Japan,28,Nara,1186,Kanmaki
114,Japan,28,Nara,1187,Kashiba
114,Japan,28,Nara,1188,Kashihara
114,Japan,28,Nara,1189,Katsuragi
114,Japan,28,Nara,1190,Kawai
114,Japan,28,Nara,1191,Kawakami
114,Japan,28,Nara,1192,Kawanishi Town
114,Japan,28,Nara,1193,Kurotaki
114,Japan,28,Nara,1194,Mitsue
114,Japan,28,Nara,1195,Miyake
114,Japan,28,Nara,1196,Nara
114,Japan,28,Nara,1197,Nosegawa
114,Japan,28,Nara,1198,Sakurai
114,Japan,28,Nara,1199,Sangō
114,Japan,28,Nara,1200,Shimoichi
114,Japan,28,Nara,1201,Shimokitayama
114,Japan,28,Nara,1202,Soni
114,Japan,28,Nara,1203,Takatori
114,Japan,28,Nara,1204,Tawaramoto
114,Japan,28,Nara,1205,Tenkawa
114,Japan,28,Nara,1206,Tenri
114,Japan,28,Nara,1207,Totsukawa
114,Japan,28,Nara,1208,Uda
114,Japan,28,Nara,1209,Yamatokōriyama
114,Japan,28,Nara,1210,Yamatotakada
114,Japan,28,Nara,1211,Yamazoe
114,Japan,28,Nara,1212,Yoshino
114,Japan,29,Niigata,1213,Aga
114,Japan,29,Niigata,1214,Agano
114,Japan,29,Niigata,1215,Awashimaura
114,Japan,29,Niigata,1216,Gosen
114,Japan,29,Niigata,1217,Itoigawa
114,Japan,29,Niigata,1218,Izumozaki
114,Japan,29,Niigata,1219,Jōetsu
114,Japan,29,Niigata,1220,Kamo
114,Japan,29,Niigata,1221,Kariwa
114,Japan,29,Niigata,1222,Kashiwazaki
114,Japan,29,Niigata,1223,Kawaguchi
114,Japan,29,Niigata,1224,Minamiuonuma
114,Japan,29,Niigata,1225,Mitsuke
114,Japan,29,Niigata,1226,Murakami
114,Japan,29,Niigata,1227,Myōkō
114,Japan,29,Niigata,1228,Nagaoka
114,Japan,29,Niigata,1229,Niigata
114,Japan,29,Niigata,1230,Ojiya
114,Japan,29,Niigata,1231,Sado
114,Japan,29,Niigata,1232,Sanjō
114,Japan,29,Niigata,1233,Seirō
114,Japan,29,Niigata,1234,Sekikawa
114,Japan,29,Niigata,1235,Shibata
114,Japan,29,Niigata,1236,Tōkamachi
114,Japan,29,Niigata,1237,Tagami
114,Japan,29,Niigata,1238,Tainai
114,Japan,29,Niigata,1239,Tsubame
114,Japan,29,Niigata,1240,Tsunan
114,Japan,29,Niigata,1241,Uonuma
114,Japan,32,Okinawa,1295,Ginowan
114,Japan,32,Okinawa,1296,Ginoza
114,Japan,32,Okinawa,1297,Haebaru
114,Japan,32,Okinawa,1298,Higashi
114,Japan,32,Okinawa,1299,Ie
114,Japan,32,Okinawa,1300,Iheya
114,Japan,32,Okinawa,1301,Ishigaki
114,Japan,32,Okinawa,1302,Itoman
114,Japan,32,Okinawa,1303,Izena
114,Japan,32,Okinawa,1304,Kadena
114,Japan,32,Okinawa,1305,Kin
114,Japan,32,Okinawa,1306,Kitanakagusuku
114,Japan,32,Okinawa,1307,Kumejima
114,Japan,32,Okinawa,1308,Kunigami
114,Japan,32,Okinawa,1309,Minami Daito
114,Japan,32,Okinawa,1310,Miyakojima
114,Japan,32,Okinawa,1311,Motobu
114,Japan,32,Okinawa,1312,Nago
114,Japan,32,Okinawa,1313,Naha
114,Japan,32,Okinawa,1314,Nakagusuku
114,Japan,32,Okinawa,1315,Nakijin
114,Japan,32,Okinawa,1316,Nanjō
114,Japan,32,Okinawa,1317,Nishihara
114,Japan,32,Okinawa,1318,Okinawa
114,Japan,32,Okinawa,1319,Onna
114,Japan,32,Okinawa,1320,Taketomi
114,Japan,32,Okinawa,1321,Tarama
114,Japan,32,Okinawa,1322,Tokashiki
114,Japan,32,Okinawa,1323,Tomigusuku
114,Japan,32,Okinawa,1324,Tonaki
114,Japan,32,Okinawa,1325,Unknown5
114,Japan,32,Okinawa,1326,Unknown8
114,Japan,32,Okinawa,1327,Urasoe
114,Japan,32,Okinawa,1328,Uruma
114,Japan,32,Okinawa,1329,Yaese
114,Japan,32,Okinawa,1330,Yomitan
114,Japan,32,Okinawa,1331,Yonabaru
114,Japan,32,Okinawa,1332,Yonaguni
114,Japan,32,Okinawa,1333,Zamami
114,Japan,33,Osaka,1334,Ōsakasayama
114,Japan,33,Osaka,1335,Chihayaakasaka
114,Japan,33,Osaka,1336,Daitō
114,Japan,33,Osaka,1337,Fujiidera
114,Japan,33,Osaka,1338,Habikino
114,Japan,33,Osaka,1339,Hannan
114,Japan,33,Osaka,1340,Higashiōsaka
114,Japan,33,Osaka,1341,Hirakata
114,Japan,33,Osaka,1342,Ibaraki
114,Japan,33,Osaka,1343,Ikeda
114,Japan,33,Osaka,1344,Izumiōtsu
114,Japan,33,Osaka,1345,Izumisano
114,Japan,33,Osaka,1346,Izumi
114,Japan,33,Osaka,1373,Tondabayashi
114,Japan,33,Osaka,1374,Toyonaka
114,Japan,33,Osaka,1375,Toyono
114,Japan,33,Osaka,1376,Yao
114,Japan,34,Saga,1377,Ōmachi
114,Japan,34,Saga,1378,Arita
114,Japan,34,Saga,1379,Genkai
114,Japan,34,Saga,1380,Imari
114,Japan,34,Saga,1381,Kōhoku
114,Japan,34,Saga,1382,Kamimine
114,Japan,34,Saga,1383,Kanzaki
114,Japan,34,Saga,1384,Karatsu
114,Japan,34,Saga,1385,Kashima
114,Japan,34,Saga,1386,Kiyama
114,Japan,34,Saga,1387,Miyaki
114,Japan,34,Saga,1388,Ogi
114,Japan,34,Saga,1389,Saga
114,Japan,34,Saga,1390,Shiroishi
114,Japan,34,Saga,1391,Takeo
114,Japan,34,Saga,1392,Taku
114,Japan,34,Saga,1393,Tara
114,Japan,34,Saga,1394,Tosu
114,Japan,34,Saga,1395,Ureshino
114,Japan,34,Saga,1396,Yoshinogari
114,Japan,35,Saitama,1397,Ageo
114,Japan,35,Saitama,1398,Ōtone
114,Japan,35,Saitama,1399,Asaka
114,Japan,35,Saitama,1400,Chichibu
114,Japan,35,Saitama,1401,Fujimino
114,Japan,35,Saitama,1402,Fujimi
114,Japan,35,Saitama,1403,Fukaya
114,Japan,35,Saitama,1404,Gyōda
114,Japan,35,Saitama,1405,Hannō
114,Japan,35,Saitama,1406,Hanyū
114,Japan,35,Saitama,1407,Hasuda
114,Japan,35,Saitama,1408,Hatogaya
114,Japan,35,Saitama,1409,Hatoyama
114,Japan,35,Saitama,1410,Hidaka
114,Japan,35,Saitama,1411,Higashichichibu
114,Japan,35,Saitama,1412,Higashimatsuyama
114,Japan,35,Saitama,1413,Honjō
114,Japan,35,Saitama,1414,Ina
114,Japan,35,Saitama,1415,Iruma
114,Japan,35,Saitama,1416,Kōnosu
114,Japan,35,Saitama,1417,Kamikawa
114,Japan,35,Saitama,1418,Kamisato
114,Japan,35,Saitama,1419,Kasukabe
114,Japan,35,Saitama,1420,Kawagoe
114,Japan,35,Saitama,1421,Kawaguchi
114,Japan,35,Saitama,1422,Kawajima
114,Japan,35,Saitama,1423,Kazo
114,Japan,35,Saitama,1424,Kisai
114,Japan,35,Saitama,1425,Kitakawabe
114,Japan,35,Saitama,1426,Kitamoto
114,Japan,35,Saitama,1427,Koshigaya
114,Japan,35,Saitama,1428,Kuki
114,Japan,35,Saitama,1429,Kumagaya
114,Japan,35,Saitama,1430,Kurihashi
114,Japan,35,Saitama,1431,Matsubushi
114,Japan,35,Saitama,1432,Minano
114,Japan,35,Saitama,1433,Misato City
114,Japan,35,Saitama,1434,Misato
114,Japan,35,Saitama,1435,Miyashiro
114,Japan,35,Saitama,1436,Miyoshi
114,Japan,35,Saitama,1437,Moroyama
114,Japan,35,Saitama,1438,Nagatoro
114,Japan,35,Saitama,1439,Namegawa
114,Japan,35,Saitama,1440,Niiza
114,Japan,35,Saitama,1441,Ogano
114,Japan,35,Saitama,1442,Ogawa
114,Japan,35,Saitama,1443,Ogose
114,Japan,35,Saitama,1444,Okegawa
114,Japan,35,Saitama,1445,Ranzan
114,Japan,35,Saitama,1446,Sōka
114,Japan,35,Saitama,1447,Saitama
114,Japan,35,Saitama,1448,Sakado
114,Japan,35,Saitama,1449,Satte
114,Japan,35,Saitama,1450,Sayama
114,Japan,35,Saitama,1451,Shōbu
114,Japan,35,Saitama,1452,Shiki
114,Japan,35,Saitama,1453,Shiraoka
114,Japan,35,Saitama,1454,Sugito
114,Japan,35,Saitama,1455,Toda
114,Japan,35,Saitama,1456,Tokigawa
114,Japan,35,Saitama,1457,Tokorozawa
114,Japan,35,Saitama,1458,Tsurugashima
114,Japan,35,Saitama,1459,Wakō
114,Japan,35,Saitama,1460,Warabi
114,Japan,35,Saitama,1461,Washimiya
114,Japan,35,Saitama,1462,Yashio
114,Japan,35,Saitama,1463,Yokoze
114,Japan,35,Saitama,1464,Yorii
114,Japan,35,Saitama,1465,Yoshikawa
114,Japan,35,Saitama,1466,Yoshimi
114,Japan,36,Shiga,1467,Aishō
114,Japan,36,Shiga,1468,Ōmihachiman
114,Japan,36,Shiga,1469,Ōtsu
114,Japan,36,Shiga,1470,Azuchi
114,Japan,36,Shiga,1471,Higashiōmi
114,Japan,36,Shiga,1472,Hikone
114,Japan,36,Shiga,1473,Hino
114,Japan,36,Shiga,1474,Kōka
114,Japan,36,Shiga,1475,Kōra
114,Japan,36,Shiga,1476,Kinomoto
114,Japan,36,Shiga,1477,Kohoku
114,Japan,36,Shiga,1478,Konan
114,Japan,36,Shiga,1479,Kusatsu
114,Japan,36,Shiga,1480,Lake Biwa
114,Japan,36,Shiga,1481,Maibara
114,Japan,36,Shiga,1482,Moriyama
114,Japan,36,Shiga,1483,Nagahama
114,Japan,36,Shiga,1484,Nishiazai
114,Japan,36,Shiga,1485,Rittō
114,Japan,36,Shiga,1486,Ryūō
114,Japan,36,Shiga,1487,Taga
114,Japan,36,Shiga,1488,Takashima
114,Japan,36,Shiga,1489,Takatsuki
114,Japan,36,Shiga,1490,Torahime
114,Japan,36,Shiga,1491,Toyosato
114,Japan,36,Shiga,1492,Yasu
114,Japan,36,Shiga,1493,Yogo
114,Japan,37,Shimane,1494,Ama
114,Japan,37,Shimane,1495,Ōda
114,Japan,37,Shimane,1496,Ōnan
114,Japan,37,Shimane,1497,Chibu
114,Japan,37,Shimane,1498,Gōtsu
114,Japan,37,Shimane,1499,Hamada
114,Japan,37,Shimane,1500,Higashiizumo
114,Japan,37,Shimane,1501,Hikawa
114,Japan,37,Shimane,1502,Iinan
114,Japan,37,Shimane,1503,Izumo
114,Japan,37,Shimane,1504,Kawamoto
114,Japan,37,Shimane,1505,Masuda
114,Japan,37,Shimane,1506,Matsue
114,Japan,37,Shimane,1507,Misato
114,Japan,37,Shimane,1508,Nishinoshima
114,Japan,37,Shimane,1509,Okinoshima
114,Japan,37,Shimane,1510,Okuizumo
114,Japan,37,Shimane,1511,Tsuwano
114,Japan,37,Shimane,1512,Unknown2
114,Japan,37,Shimane,1513,Unnan
114,Japan,37,Shimane,1514,Yasugi
114,Japan,37,Shimane,1515,Yoshika
114,Japan,38,Shizuoka,1516,Ōigawa
114,Japan,38,Shizuoka,1517,Arai
114,Japan,38,Shizuoka,1518,Atami
114,Japan,38,Shizuoka,1519,Fujieda
114,Japan,38,Shizuoka,1520,Fujikawa
114,Japan,38,Shizuoka,1521,Fujinomiya
114,Japan,38,Shizuoka,1522,Fuji
114,Japan,38,Shizuoka,1523,Fukuroi
114,Japan,38,Shizuoka,1524,Gotemba
114,Japan,38,Shizuoka,1525,Hamamatsu
114,Japan,38,Shizuoka,1526,Higashiizu
114,Japan,38,Shizuoka,1527,Itō
114,Japan,38,Shizuoka,1528,Iwata
114,Japan,38,Shizuoka,1529,Izunokuni
114,Japan,38,Shizuoka,1530,Izu
114,Japan,38,Shizuoka,1531,Kakegawa
114,Japan,38,Shizuoka,1532,Kannami
114,Japan,38,Shizuoka,1533,Kawanehon
114,Japan,38,Shizuoka,1534,Kawane
114,Japan,38,Shizuoka,1535,Kawazu
114,Japan,38,Shizuoka,1536,Kikugawa
114,Japan,38,Shizuoka,1537,Kosai
114,Japan,38,Shizuoka,1538,Makinohara
114,Japan,38,Shizuoka,1539,Matsuzaki
114,Japan,38,Shizuoka,1540,Minamiizu
114,Japan,38,Shizuoka,1541,Mishima
114,Japan,38,Shizuoka,1542,Mori
114,Japan,38,Shizuoka,1543,Nagaizumi
114,Japan,38,Shizuoka,1544,Nishiizu
114,Japan,38,Shizuoka,1545,Numazu
114,Japan,38,Shizuoka,1546,Okabe
114,Japan,38,Shizuoka,1547,Omaezaki
114,Japan,38,Shizuoka,1548,Oyama
114,Japan,38,Shizuoka,1549,Shibakawa
114,Japan,38,Shizuoka,1550,Shimada
114,Japan,38,Shizuoka,1551,Shimizu
114,Japan,38,Shizuoka,1552,Shimoda
114,Japan,38,Shizuoka,1553,Shizuoka
114,Japan,38,Shizuoka,1554,Susono
114,Japan,38,Shizuoka,1555,Unknown7
114,Japan,38,Shizuoka,1556,Yaizu
114,Japan,38,Shizuoka,1557,Yoshida
114,Japan,38,Shizuoka,1558,Yui
114,Japan,39,Tochigi,1559,Ōhira
114,Japan,39,Tochigi,1560,Ashikaga
114,Japan,39,Tochigi,1561,Fujioka
114,Japan,39,Tochigi,1562,Haga
114,Japan,39,Tochigi,1563,Ichikai
114,Japan,39,Tochigi,1564,Iwafune
114,Japan,39,Tochigi,1565,Kaminokawa
114,Japan,39,Tochigi,1566,Kanuma
114,Japan,39,Tochigi,1567,Mōka
114,Japan,39,Tochigi,1568,Mashiko
114,Japan,39,Tochigi,1569,Mibu
114,Japan,39,Tochigi,1570,Motegi
114,Japan,39,Tochigi,1571,Nakagawa
114,Japan,39,Tochigi,1572,Nasukarasuyama
114,Japan,39,Tochigi,1573,Nasu
114,Japan,39,Tochigi,1574,Nasushiobara
114,Japan,39,Tochigi,1575,Nikkō
114,Japan,39,Tochigi,1576,Ninomiya
114,Japan,39,Tochigi,1577,Nishikata
114,Japan,39,Tochigi,1578,Nogi
114,Japan,39,Tochigi,1579,Otawara
114,Japan,39,Tochigi,1580,Oyama
114,Japan,39,Tochigi,1581,Sakura
114,Japan,39,Tochigi,1582,Sano
114,Japan,39,Tochigi,1583,Shimotsuke
114,Japan,39,Tochigi,1584,Shioya
114,Japan,39,Tochigi,1585,Takanezawa
114,Japan,39,Tochigi,1586,Tochigi
114,Japan,39,Tochigi,1587,Tsuga
114,Japan,39,Tochigi,1588,Utsunomiya
114,Japan,39,Tochigi,1589,Yaita
114,Japan,40,Tokushima,1590,Aizumi
114,Japan,40,Tokushima,1591,Anan
114,Japan,40,Tokushima,1592,Awa
114,Japan,40,Tokushima,1593,Higashimiyoshi
114,Japan,40,Tokushima,1594,Ishii
114,Japan,40,Tokushima,1595,Itano
114,Japan,40,Tokushima,1596,Kaiyō
114,Japan,40,Tokushima,1597,Kamiita
114,Japan,40,Tokushima,1598,Kamikatsu
114,Japan,40,Tokushima,1599,Kamiyama
114,Japan,40,Tokushima,1600,Katsuura
114,Japan,40,Tokushima,1601,Kitajima
114,Japan,40,Tokushima,1602,Komatsushima
114,Japan,40,Tokushima,1603,Matsushige
114,Japan,40,Tokushima,1604,Mima
114,Japan,40,Tokushima,1605,Minami
114,Japan,40,Tokushima,1606,Miyoshi
114,Japan,40,Tokushima,1607,Mugi
114,Japan,40,Tokushima,1608,Naka
114,Japan,40,Tokushima,1609,Naruto
114,Japan,40,Tokushima,1610,Sanagōchi
114,Japan,40,Tokushima,1611,Tokushima
114,Japan,40,Tokushima,1612,Tsurugi
114,Japan,40,Tokushima,1613,Yoshinogawa
114,Japan,41,Tokyo,1614,Adachi
114,Japan,41,Tokyo,1615,Akiruno
114,Japan,41,Tokyo,1616,Akishima
114,Japan,41,Tokyo,1617,Ōme
114,Japan,41,Tokyo,1618,Ōta
114,Japan,41,Tokyo,1619,Arakawa
114,Japan,41,Tokyo,1620,Bunkyō
114,Japan,41,Tokyo,1621,Chūō
114,Japan,41,Tokyo,1622,Chōfu
114,Japan,41,Tokyo,1623,Chiyoda
114,Japan,41,Tokyo,1624,Edogawa
114,Japan,41,Tokyo,1625,Fuchū
114,Japan,41,Tokyo,1626,Fussa
114,Japan,41,Tokyo,1627,Hachiōji
114,Japan,41,Tokyo,1628,Hamura
114,Japan,41,Tokyo,1629,Higashikurume
114,Japan,41,Tokyo,1630,Higashimurayama
114,Japan,41,Tokyo,1631,Higashiyamato
114,Japan,41,Tokyo,1632,Hinode
114,Japan,41,Tokyo,1633,Hinohara
114,Japan,41,Tokyo,1634,Hino
114,Japan,41,Tokyo,1635,Inagi
114,Japan,41,Tokyo,1636,Itabashi
114,Japan,41,Tokyo,1637,Kōtō
114,Japan,41,Tokyo,1638,Katsushika
114,Japan,41,Tokyo,1639,Kita
114,Japan,41,Tokyo,1640,Kiyose
114,Japan,41,Tokyo,1641,Kodaira
114,Japan,41,Tokyo,1642,Koganei
114,Japan,41,Tokyo,1643,Kokubunji
114,Japan,41,Tokyo,1644,Komae
114,Japan,41,Tokyo,1645,Kunitachi
114,Japan,41,Tokyo,1646,Machida
114,Japan,41,Tokyo,1647,Meguro
114,Japan,41,Tokyo,1648,Minato
114,Japan,41,Tokyo,1649,Mitaka
114,Japan,41,Tokyo,1650,Mizuho
114,Japan,41,Tokyo,1651,Musashimurayama
114,Japan,41,Tokyo,1652,Musashino
114,Japan,41,Tokyo,1653,Nakano
114,Japan,41,Tokyo,1654,Nerima
114,Japan,41,Tokyo,1655,Nishitōkyō
114,Japan,41,Tokyo,1656,Okutama
114,Japan,41,Tokyo,1657,Setagaya
114,Japan,41,Tokyo,1658,Shibuya
114,Japan,41,Tokyo,1659,Shinagawa
114,Japan,41,Tokyo,1660,Shinjuku
114,Japan,41,Tokyo,1661,Suginami
114,Japan,41,Tokyo,1662,Sumida
114,Japan,41,Tokyo,1663,Tachikawa
114,Japan,41,Tokyo,1664,Taitō
114,Japan,41,Tokyo,1665,Tama
114,Japan,41,Tokyo,1666,Toshima
114,Japan,42,Tottori,1667,Chizu
114,Japan,42,Tottori,1668,Daisen
114,Japan,42,Tottori,1669,Hōki
114,Japan,42,Tottori,1670,Hiezu
114,Japan,42,Tottori,1671,Hino
114,Japan,42,Tottori,1672,Hokuei
114,Japan,42,Tottori,1673,Iwami
114,Japan,42,Tottori,1674,Kōfu
114,Japan,42,Tottori,1675,Kotoura
114,Japan,42,Tottori,1676,Kurayoshi
114,Japan,42,Tottori,1677,Misasa
114,Japan,42,Tottori,1678,Nanbu
114,Japan,42,Tottori,1679,Nichinan
114,Japan,42,Tottori,1680,Tottori
114,Japan,42,Tottori,1681,Wakasa
114,Japan,42,Tottori,1682,Yazu
114,Japan,42,Tottori,1683,Yonago
114,Japan,42,Tottori,1684,Yurihama
114,Japan,43,Toyama,1685,Asahi
114,Japan,43,Toyama,1686,Funahashi
114,Japan,43,Toyama,1687,Himi
114,Japan,43,Toyama,1688,Imizu
114,Japan,43,Toyama,1689,Kamiichi
114,Japan,43,Toyama,1690,Kurobe
114,Japan,43,Toyama,1691,Namerikawa
114,Japan,43,Toyama,1692,Nanto
114,Japan,43,Toyama,1693,Nyūzen
114,Japan,43,Toyama,1694,Oyabe
114,Japan,43,Toyama,1695,Takaoka
114,Japan,43,Toyama,1696,Tateyama
114,Japan,43,Toyama,1697,Tonami
114,Japan,43,Toyama,1698,Toyama
114,Japan,43,Toyama,1699,Uozu
114,Japan,44,Wakayama,1700,Aridagawa
114,Japan,44,Wakayama,1701,Arida
114,Japan,44,Wakayama,1702,Gobō
114,Japan,44,Wakayama,1703,Hashimoto
114,Japan,44,Wakayama,1704,Hidakagawa
114,Japan,44,Wakayama,1705,Hidaka
114,Japan,44,Wakayama,1706,Hirogawa
114,Japan,44,Wakayama,1707,Inami Town
114,Japan,44,Wakayama,1708,Iwade
114,Japan,44,Wakayama,1709,Kōya
114,Japan,44,Wakayama,1710,Kainan
114,Japan,44,Wakayama,1711,Kamitonda
114,Japan,44,Wakayama,1712,Katsuragi
114,Japan,44,Wakayama,1713,Kimino
114,Japan,44,Wakayama,1714,Kinokawa
114,Japan,44,Wakayama,1715,Kozagawa
114,Japan,44,Wakayama,1716,Kudoyama
114,Japan,44,Wakayama,1717,Kushimoto
114,Japan,44,Wakayama,1718,Kyōtanabe
114,Japan,44,Wakayama,1719,Mihama
114,Japan,44,Wakayama,1720,Minabe
114,Japan,44,Wakayama,1721,Nachikatsuura
114,Japan,44,Wakayama,1722,Shingū
114,Japan,44,Wakayama,1723,Shirahama
114,Japan,44,Wakayama,1724,Susami
114,Japan,44,Wakayama,1725,Taiji
114,Japan,44,Wakayama,1726,Wakayama
114,Japan,44,Wakayama,1727,Yuasa
114,Japan,44,Wakayama,1728,Yura
114,Japan,45,Yamagata,1729,Ōe
114,Japan,45,Yamagata,1730,Ōishida
114,Japan,45,Yamagata,1731,Ōkura
114,Japan,45,Yamagata,1732,Asahi
114,Japan,45,Yamagata,1733,Funagata
114,Japan,45,Yamagata,1734,Higashine
114,Japan,45,Yamagata,1735,Iide
114,Japan,45,Yamagata,1736,Kahoku
114,Japan,45,Yamagata,1737,Kaminoyama
114,Japan,45,Yamagata,1738,Kaneyama
114,Japan,45,Yamagata,1739,Kawanishi
114,Japan,45,Yamagata,1740,Mamurogawa
114,Japan,45,Yamagata,1741,Mikawa
114,Japan,45,Yamagata,1742,Mogami
114,Japan,45,Yamagata,1743,Murayama
114,Japan,45,Yamagata,1744,Nagai
114,Japan,45,Yamagata,1745,Nakayama
114,Japan,45,Yamagata,1746,Nan'yo
114,Japan,45,Yamagata,1747,Nishikawa
114,Japan,45,Yamagata,1748,Obanazawa
114,Japan,45,Yamagata,1749,Oguni
114,Japan,45,Yamagata,1750,Sagae
114,Japan,45,Yamagata,1751,Sakata
114,Japan,45,Yamagata,1752,Sakegawa
114,Japan,45,Yamagata,1753,Shōnai
114,Japan,45,Yamagata,1754,Shinjo
114,Japan,45,Yamagata,1755,Shirataka
114,Japan,45,Yamagata,1756,Takahata
114,Japan,45,Yamagata,1757,Tendo
114,Japan,45,Yamagata,1758,Tozawa
114,Japan,45,Yamagata,1759,Tsuruoka
114,Japan,45,Yamagata,1760,Yamagata
114,Japan,45,Yamagata,1761,Yamanobe
114,Japan,45,Yamagata,1762,Yonezawa
114,Japan,45,Yamagata,1763,Yuza
114,Japan,46,Yamaguchi,1764,Abu
114,Japan,46,Yamaguchi,1765,Atō
114,Japan,46,Yamaguchi,1766,Hōfu
114,Japan,46,Yamaguchi,1767,Hagi
114,Japan,46,Yamaguchi,1768,Hikari
114,Japan,46,Yamaguchi,1769,Hirao
114,Japan,46,Yamaguchi,1770,Iwakuni
114,Japan,46,Yamaguchi,1771,Kaminoseki
114,Japan,46,Yamaguchi,1772,Kudamatsu
114,Japan,46,Yamaguchi,1773,Mine
114,Japan,46,Yamaguchi,1774,Nagato
114,Japan,46,Yamaguchi,1775,San'yō-Onoda
114,Japan,46,Yamaguchi,1776,Shūnan
114,Japan,46,Yamaguchi,1777,Shimonoseki
114,Japan,46,Yamaguchi,1778,Suō-Ōshima
114,Japan,46,Yamaguchi,1779,Tabuse
114,Japan,46,Yamaguchi,1780,Ube
114,Japan,46,Yamaguchi,1781,Waki
114,Japan,46,Yamaguchi,1782,Yamaguchi
114,Japan,46,Yamaguchi,1783,Yanai
114,Japan,47,Yamanashi,1784,Ōtsuki
114,Japan,47,Yamanashi,1785,Chūō
114,Japan,47,Yamanashi,1786,Dōshi
114,Japan,47,Yamanashi,1787,Fuefuki
114,Japan,47,Yamanashi,1788,Fujikawaguchiko
114,Japan,47,Yamanashi,1789,Fujiyoshida
114,Japan,47,Yamanashi,1790,Hayakawa
114,Japan,47,Yamanashi,1791,Hokuto
114,Japan,47,Yamanashi,1792,Ichikawamisato
114,Japan,47,Yamanashi,1793,Kōfu
114,Japan,47,Yamanashi,1794,Kōshū
114,Japan,47,Yamanashi,1795,Kai
114,Japan,47,Yamanashi,1796,Kajikazawa
114,Japan,47,Yamanashi,1797,Kosuge
114,Japan,47,Yamanashi,1798,Masuho
114,Japan,47,Yamanashi,1799,Minami-Alps
114,Japan,47,Yamanashi,1800,Minobu
114,Japan,47,Yamanashi,1801,Nanbu
114,Japan,47,Yamanashi,1802,Narusawa
114,Japan,47,Yamanashi,1803,Nirasaki
114,Japan,47,Yamanashi,1804,Nishikatsura
114,Japan,47,Yamanashi,1805,Oshino
114,Japan,47,Yamanashi,1806,Shōwa
114,Japan,47,Yamanashi,1807,Tabayama
114,Japan,47,Yamanashi,1808,Tsuru
114,Japan,47,Yamanashi,1809,Uenohara
114,Japan,47,Yamanashi,1810,Yamanakako
114,Japan,47,Yamanashi,1811,Yamanashi
