145,Mexico,1,Aguascalientes,1,Aguascalientes
145,Mexico,1,Aguascalientes,2,Asientos
145,Mexico,1,Aguascalientes,3,Calvillo
145,Mexico,1,Aguascalientes,4,Cosío
145,Mexico,1,Aguascalientes,5,Jesús María
145,Mexico,1,Aguascalientes,6,Pabellón de Arteaga
145,Mexico,1,Aguascalientes,7,Rincón de Romos
145,Mexico,1,Aguascalientes,8,San José de Gracia
145,Mexico,1,Aguascalientes,9,Tepezalá
145,Mexico,2,Baja California Sur,10,Comondú
145,Mexico,2,Baja California Sur,11,La Paz
145,Mexico,2,Baja California Sur,12,Mulegé
145,Mexico,3,Baja California,13,Ensenada
145,Mexico,3,Baja California,14,Mexicali
145,Mexico,3,Baja California,15,Mulegé
145,Mexico,3,Baja California,16,Tecate
145,Mexico,3,Baja California,17,Tijuana
145,Mexico,4,Campeche,18,Calkiní
145,Mexico,4,Campeche,19,Campeche
145,Mexico,4,Campeche,20,Carmen
145,Mexico,4,Campeche,21,Champotón
145,Mexico,4,Campeche,22,Hecelchakán
145,Mexico,4,Campeche,23,Hopelchén
145,Mexico,4,Campeche,24,Palizada
145,Mexico,4,Campeche,25,Tenabo
145,Mexico,5,Chiapas,26,Acacoyagua
145,Mexico,5,Chiapas,27,Acala
145,Mexico,5,Chiapas,28,Acapetahua
145,Mexico,5,Chiapas,29,Altamirano
145,Mexico,5,Chiapas,30,Amatán
145,Mexico,5,Chiapas,31,Amatenango de la Frontera
145,Mexico,5,Chiapas,32,Amatenango del Valle
145,Mexico,5,Chiapas,33,Angel Albino Corzo
145,Mexico,5,Chiapas,34,Arriaga
145,Mexico,5,Chiapas,35,Bejucal de Ocampo
145,Mexico,5,Chiapas,36,Bella Vista
145,Mexico,5,Chiapas,37,Berriozábal
145,Mexico,5,Chiapas,38,Bochil
145,Mexico,5,Chiapas,39,Cacahoatán
145,Mexico,5,Chiapas,40,Catazajá
145,Mexico,5,Chiapas,41,Chalchihuitán
145,Mexico,5,Chiapas,42,Chamula
145,Mexico,5,Chiapas,43,Chanal
145,Mexico,5,Chiapas,44,Chapultenango
145,Mexico,5,Chiapas,45,Chenalhó
145,Mexico,5,Chiapas,46,Chiapa de Corzo
145,Mexico,5,Chiapas,47,Chiapilla
145,Mexico,5,Chiapas,48,Chicoasén
145,Mexico,5,Chiapas,49,Chicomuselo
145,Mexico,5,Chiapas,50,Chilón
145,Mexico,5,Chiapas,51,Cintalapa
145,Mexico,5,Chiapas,52,Coapilla
145,Mexico,5,Chiapas,53,Comitán de Domínguez
145,Mexico,5,Chiapas,54,Copainalá
145,Mexico,5,Chiapas,55,El Bosque
145,Mexico,5,Chiapas,56,El Porvenir
145,Mexico,5,Chiapas,57,Escuintla
145,Mexico,5,Chiapas,58,Francisco León
145,Mexico,5,Chiapas,59,Frontera Comalapa
145,Mexico,5,Chiapas,60,Frontera Hidalgo
145,Mexico,5,Chiapas,61,Huehuetán
145,Mexico,5,Chiapas,62,Huitiupán
145,Mexico,5,Chiapas,63,Huixtán
145,Mexico,5,Chiapas,64,Huixtla
145,Mexico,5,Chiapas,65,Ixhuatán
145,Mexico,5,Chiapas,66,Ixtacomitán
145,Mexico,5,Chiapas,67,Ixtapa
145,Mexico,5,Chiapas,68,Ixtapangajoya
145,Mexico,5,Chiapas,69,Jiquipilas
145,Mexico,5,Chiapas,70,Jitotol
145,Mexico,5,Chiapas,71,Juárez
145,Mexico,5,Chiapas,72,La Concordia
145,Mexico,5,Chiapas,73,La Grandeza
145,Mexico,5,Chiapas,74,La Independencia
145,Mexico,5,Chiapas,75,La Libertad
145,Mexico,5,Chiapas,76,La Trinitaria
145,Mexico,5,Chiapas,77,Larráinzar
145,Mexico,5,Chiapas,78,Las Margaritas
145,Mexico,5,Chiapas,79,Las Rosas
145,Mexico,5,Chiapas,80,Mapastepec
145,Mexico,5,Chiapas,81,Mazapa de Madero
145,Mexico,5,Chiapas,82,Mazatán
145,Mexico,5,Chiapas,83,Metapa
145,Mexico,5,Chiapas,84,Mitontic
145,Mexico,5,Chiapas,85,Motozintla
145,Mexico,5,Chiapas,86,Nicolás Ruíz
145,Mexico,5,Chiapas,87,Ocosingo
145,Mexico,5,Chiapas,88,Ocotepec
145,Mexico,5,Chiapas,89,Ocozocoautla de Espinosa
145,Mexico,5,Chiapas,90,Ostuacán
145,Mexico,5,Chiapas,91,Osumacinta
145,Mexico,5,Chiapas,92,Oxchuc
145,Mexico,5,Chiapas,93,Palenque
145,Mexico,5,Chiapas,94,Pantelhó
145,Mexico,5,Chiapas,95,Pantepec
145,Mexico,5,Chiapas,96,Pichucalco
145,Mexico,5,Chiapas,97,Pijijiapan
145,Mexico,5,Chiapas,98,Pueblo Nuevo Solistahuacán
145,Mexico,5,Chiapas,99,Rayón
145,Mexico,5,Chiapas,100,Reforma
145,Mexico,5,Chiapas,101,Sabanilla
145,Mexico,5,Chiapas,102,Salto de Agua
145,Mexico,5,Chiapas,103,San Cristóbal de las Casas
145,Mexico,5,Chiapas,104,San Fernando
145,Mexico,5,Chiapas,105,San Lucas
145,Mexico,5,Chiapas,106,Siltepec
145,Mexico,5,Chiapas,107,Simojovel
145,Mexico,5,Chiapas,108,Sitalá
145,Mexico,5,Chiapas,109,Socoltenango
145,Mexico,5,Chiapas,110,Solosuchiapa
145,Mexico,5,Chiapas,111,Soyaló
145,Mexico,5,Chiapas,112,Suchiapa
145,Mexico,5,Chiapas,113,Suchiate
145,Mexico,5,Chiapas,114,Sunuapa
145,Mexico,5,Chiapas,115,Tapachula
145,Mexico,5,Chiapas,116,Tapalapa
145,Mexico,5,Chiapas,117,Tapilula
145,Mexico,5,Chiapas,118,Tecpatán
145,Mexico,5,Chiapas,119,Tenejapa
145,Mexico,5,Chiapas,120,Teopisca
145,Mexico,5,Chiapas,121,Tila
145,Mexico,5,Chiapas,122,Tonalá
145,Mexico,5,Chiapas,123,Totolapa
145,Mexico,5,Chiapas,124,Tumbalá
145,Mexico,5,Chiapas,125,Tuxtla Chico
145,Mexico,5,Chiapas,126,Tuxtla Gutiérrez
145,Mexico,5,Chiapas,127,Tuzantán
145,Mexico,5,Chiapas,128,Tzimol
145,Mexico,5,Chiapas,129,Venustiano Carranza
145,Mexico,5,Chiapas,130,Villa Comaltitlán
145,Mexico,5,Chiapas,131,Villa Corzo
145,Mexico,5,Chiapas,132,Villaflores
145,Mexico,5,Chiapas,133,Yajalón
145,Mexico,5,Chiapas,134,Zinacantán
145,Mexico,6,Chihuahua,135,Ahumada
145,Mexico,6,Chihuahua,136,Aldama
145,Mexico,6,Chihuahua,137,Allende
145,Mexico,6,Chihuahua,138,Aquiles Serdán
145,Mexico,6,Chihuahua,139,Ascensión
145,Mexico,6,Chihuahua,140,Bachíniva
145,Mexico,6,Chihuahua,141,Balleza
145,Mexico,6,Chihuahua,142,Batopilas
145,Mexico,6,Chihuahua,143,Bocoyna
145,Mexico,6,Chihuahua,144,Buenaventura
145,Mexico,6,Chihuahua,145,Camargo
145,Mexico,6,Chihuahua,146,Carichic
145,Mexico,6,Chihuahua,147,Casas Grandes
145,Mexico,6,Chihuahua,148,Chínipas
145,Mexico,6,Chihuahua,149,Chihuahua
145,Mexico,6,Chihuahua,150,Coronado
145,Mexico,6,Chihuahua,151,Coyame del Sotol
145,Mexico,6,Chihuahua,152,Cuauhtémoc
145,Mexico,6,Chihuahua,153,Cusihuiriachic
145,Mexico,6,Chihuahua,154,Delicias
145,Mexico,6,Chihuahua,155,Dr. Belisario Domínguez
145,Mexico,6,Chihuahua,156,El Tule
145,Mexico,6,Chihuahua,157,Galeana
145,Mexico,6,Chihuahua,158,General Trias
145,Mexico,6,Chihuahua,159,Gran Morelos
145,Mexico,6,Chihuahua,160,Guachochic
145,Mexico,6,Chihuahua,161,Guadalupe y Calvo
145,Mexico,6,Chihuahua,162,Guadalupe
145,Mexico,6,Chihuahua,163,Guazapares
145,Mexico,6,Chihuahua,164,Guerrero
145,Mexico,6,Chihuahua,165,Hidalgo del Parral
145,Mexico,6,Chihuahua,166,Huejotitán
145,Mexico,6,Chihuahua,167,Ignacio Zaragoza
145,Mexico,6,Chihuahua,168,Janos
145,Mexico,6,Chihuahua,169,Jiménez
145,Mexico,6,Chihuahua,170,Juárez
145,Mexico,6,Chihuahua,171,Julimes
145,Mexico,6,Chihuahua,172,La Cruz
145,Mexico,6,Chihuahua,173,López
145,Mexico,6,Chihuahua,174,Madera
145,Mexico,6,Chihuahua,175,Maguarichic
145,Mexico,6,Chihuahua,176,Manuel Benavides
145,Mexico,6,Chihuahua,177,Matachic
145,Mexico,6,Chihuahua,178,Matamoros
145,Mexico,6,Chihuahua,179,Meoqui
145,Mexico,6,Chihuahua,180,Morelos
145,Mexico,6,Chihuahua,181,Moris
145,Mexico,6,Chihuahua,182,Namiquipa
145,Mexico,6,Chihuahua,183,Nonoava
145,Mexico,6,Chihuahua,184,Nuevo Casas Grandes
145,Mexico,6,Chihuahua,185,Ocampo
145,Mexico,6,Chihuahua,186,Ojinaga
145,Mexico,6,Chihuahua,187,Praxedis G. Guerrero
145,Mexico,6,Chihuahua,188,Riva Palacio
145,Mexico,6,Chihuahua,189,Rosales
145,Mexico,6,Chihuahua,190,Rosario
145,Mexico,6,Chihuahua,191,San Francisco de Borja
145,Mexico,6,Chihuahua,192,San Francisco de Conchos
145,Mexico,6,Chihuahua,193,San Francisco del Oro
145,Mexico,6,Chihuahua,194,Santa Bárbara
145,Mexico,6,Chihuahua,195,Satevó
145,Mexico,6,Chihuahua,196,Saucillo
145,Mexico,6,Chihuahua,197,Temósachic
145,Mexico,6,Chihuahua,198,Urique
145,Mexico,6,Chihuahua,199,Uruachic
145,Mexico,6,Chihuahua,200,Valle de Zaragoza
145,Mexico,7,Coahuila,201,Abasolo
145,Mexico,7,Coahuila,202,Acuña
145,Mexico,7,Coahuila,203,Allende
145,Mexico,7,Coahuila,204,Arteaga
145,Mexico,7,Coahuila,205,Candela
145,Mexico,7,Coahuila,206,Castaños
145,Mexico,7,Coahuila,207,Cuatrociénegas
145,Mexico,7,Coahuila,208,Escobedo
145,Mexico,7,Coahuila,209,Francisco I. Madero
145,Mexico,7,Coahuila,210,Frontera
145,Mexico,7,Coahuila,211,General Cepeda
145,Mexico,7,Coahuila,212,Guerrero
145,Mexico,7,Coahuila,213,Hidalgo
145,Mexico,7,Coahuila,214,Jiménez
145,Mexico,7,Coahuila,215,Juárez
145,Mexico,7,Coahuila,216,Lamadrid
145,Mexico,7,Coahuila,217,Múzquiz
145,Mexico,7,Coahuila,218,Matamoros
145,Mexico,7,Coahuila,219,Monclova
145,Mexico,7,Coahuila,220,Morelos
145,Mexico,7,Coahuila,221,Nadadores
145,Mexico,7,Coahuila,222,Nava
145,Mexico,7,Coahuila,223,Nueva Rosita
145,Mexico,7,Coahuila,224,Ocampo
145,Mexico,7,Coahuila,225,Parras
145,Mexico,7,Coahuila,226,Piedras Negras
145,Mexico,7,Coahuila,227,Progreso
145,Mexico,7,Coahuila,228,Ramos Arizpe
145,Mexico,7,Coahuila,229,Sabinas
145,Mexico,7,Coahuila,230,Sacramento
145,Mexico,7,Coahuila,231,Saltillo
145,Mexico,7,Coahuila,232,San Buenaventura
145,Mexico,7,Coahuila,233,San Pedro
145,Mexico,7,Coahuila,234,Sierra Mojada
145,Mexico,7,Coahuila,235,Torreón
145,Mexico,7,Coahuila,236,Viesca
145,Mexico,7,Coahuila,237,Villa Unión
145,Mexico,7,Coahuila,238,Zaragoza
145,Mexico,8,Colima,239,Armería
145,Mexico,8,Colima,240,Colima
145,Mexico,8,Colima,241,Comala
145,Mexico,8,Colima,242,Coquimatlán
145,Mexico,8,Colima,243,Cuauhtémoc
145,Mexico,8,Colima,244,Ixtlahuacán
145,Mexico,8,Colima,245,Manzanillo
145,Mexico,8,Colima,246,Minatitlán
145,Mexico,8,Colima,247,Tecomán
145,Mexico,8,Colima,248,Villa de Alvarez
145,Mexico,9,Distrito Federal,249,Alvaro Obregón
145,Mexico,9,Distrito Federal,250,Azcapotzalco
145,Mexico,9,Distrito Federal,251,Benito Juárez
145,Mexico,9,Distrito Federal,252,Coyoacán
145,Mexico,9,Distrito Federal,253,Cuajimalpa de Morelos
145,Mexico,9,Distrito Federal,254,Cuauhtémoc
145,Mexico,9,Distrito Federal,255,Gustavo A. Madero
145,Mexico,9,Distrito Federal,256,Iztacalco
145,Mexico,9,Distrito Federal,257,Iztapalapa
145,Mexico,9,Distrito Federal,258,Magdalena Contreras
145,Mexico,10,Durango,299,Tepehuanes
145,Mexico,10,Durango,300,Tlahualilo
145,Mexico,10,Durango,301,Topia
145,Mexico,10,Durango,302,Vicente Guerrero
145,Mexico,11,Guanajuato,303,Abasolo
145,Mexico,11,Guanajuato,304,Acámbaro
145,Mexico,11,Guanajuato,305,Allende
145,Mexico,11,Guanajuato,306,Apaseo el Alto
145,Mexico,11,Guanajuato,307,Apaseo el Grande
145,Mexico,11,Guanajuato,308,Atarjea
145,Mexico,11,Guanajuato,309,Celaya
145,Mexico,11,Guanajuato,310,Comonfort
145,Mexico,11,Guanajuato,311,Coroneo
145,Mexico,11,Guanajuato,312,Cortazar
145,Mexico,11,Guanajuato,313,Cuerámaro
145,Mexico,11,Guanajuato,314,Doctor Mora
145,Mexico,11,Guanajuato,315,Dolores Hidalgo
145,Mexico,11,Guanajuato,316,Guanajuato
145,Mexico,11,Guanajuato,317,Huanímaro
145,Mexico,11,Guanajuato,318,Irapuato
145,Mexico,32,Zacatecas,1823,Mazapil
145,Mexico,32,Zacatecas,1824,Melchor Ocampo
145,Mexico,32,Zacatecas,1825,Mezquital del Oro
145,Mexico,32,Zacatecas,1826,Miguel Auza
145,Mexico,32,Zacatecas,1827,Momax
145,Mexico,32,Zacatecas,1828,Monte Escobedo
145,Mexico,32,Zacatecas,1829,Morelos
145,Mexico,32,Zacatecas,1830,Moyahua de Estrada
145,Mexico,32,Zacatecas,1831,Nochistlán de Mejía
145,Mexico,32,Zacatecas,1832,Noria de Angeles
145,Mexico,32,Zacatecas,1833,Ojocaliente
145,Mexico,32,Zacatecas,1834,Pánuco
145,Mexico,32,Zacatecas,1835,Pinos
145,Mexico,32,Zacatecas,1836,Río Grande
145,Mexico,32,Zacatecas,1837,Saín Alto
145,Mexico,32,Zacatecas,1838,Sombrerete
145,Mexico,32,Zacatecas,1839,Susticacán
145,Mexico,32,Zacatecas,1840,Tabasco
145,Mexico,32,Zacatecas,1841,Tepechitlán
145,Mexico,32,Zacatecas,1842,Tepetongo
145,Mexico,9,Distrito Federal,259,Miguel Hidalgo
145,Mexico,9,Distrito Federal,260,Milpa Alta
145,Mexico,9,Distrito Federal,261,Tláhuac
145,Mexico,9,Distrito Federal,262,Tlalpan
145,Mexico,9,Distrito Federal,263,Venustiano Carranza
145,Mexico,9,Distrito Federal,264,Xochimilco
145,Mexico,10,Durango,265,Canatlán
145,Mexico,10,Durango,266,Canelas
145,Mexico,10,Durango,267,Coneto de Comonfort
145,Mexico,10,Durango,268,Cuencamé
145,Mexico,10,Durango,269,Durango
145,Mexico,10,Durango,270,El Oro
145,Mexico,10,Durango,271,Gómez Palacio
145,Mexico,10,Durango,272,General Simón Bolívar
145,Mexico,10,Durango,273,Guadalupe Victoria
145,Mexico,10,Durango,274,Guanaceví
145,Mexico,10,Durango,275,Hidalgo
145,Mexico,10,Durango,276,Indé
145,Mexico,10,Durango,277,Lerdo
145,Mexico,10,Durango,278,Mapimí
145,Mexico,10,Durango,279,Mezquital
145,Mexico,10,Durango,280,Nazas
145,Mexico,10,Durango,281,Nombre de Dios
145,Mexico,10,Durango,282,Ocampo
145,Mexico,10,Durango,283,Otáez
145,Mexico,10,Durango,284,Pánuco de Coronado
145,Mexico,10,Durango,285,Peñón Blanco
145,Mexico,10,Durango,286,Poanas
145,Mexico,10,Durango,287,Pueblo Nuevo
145,Mexico,10,Durango,288,Rodeo
145,Mexico,10,Durango,289,San Bernardo
145,Mexico,10,Durango,290,San Dimas
145,Mexico,10,Durango,291,San Juan de Guadalupe
145,Mexico,10,Durango,292,San Juan del Río
145,Mexico,10,Durango,293,San Luis de Cordero
145,Mexico,10,Durango,294,San Pedro del Gallo
145,Mexico,10,Durango,295,Santa Clara
145,Mexico,10,Durango,296,Santiago Papasquiaro
145,Mexico,10,Durango,297,Súchil
145,Mexico,10,Durango,298,Tamazula
145,Mexico,11,Guanajuato,319,Jaral del Progreso
145,Mexico,11,Guanajuato,320,Jerécuaro
145,Mexico,11,Guanajuato,321,León
145,Mexico,11,Guanajuato,322,Manuel Doblado
145,Mexico,11,Guanajuato,323,Moroleón
145,Mexico,11,Guanajuato,324,Ocampo
145,Mexico,11,Guanajuato,325,Pénjamo
145,Mexico,11,Guanajuato,326,Pueblo Nuevo
145,Mexico,11,Guanajuato,327,Purísima del Rincón
145,Mexico,11,Guanajuato,328,Romita
145,Mexico,11,Guanajuato,329,Salamanca
145,Mexico,11,Guanajuato,330,Salvatierra
145,Mexico,11,Guanajuato,331,San Diego de la Unión
145,Mexico,11,Guanajuato,332,San Felipe
145,Mexico,11,Guanajuato,333,San Francisco del Rincón
145,Mexico,11,Guanajuato,334,San José Iturbide
145,Mexico,11,Guanajuato,335,San Luis de la Paz
145,Mexico,11,Guanajuato,336,Santa Catarina
145,Mexico,11,Guanajuato,337,Santa Cruz de Juventino Rosas
145,Mexico,11,Guanajuato,338,Santiago Maravatío
145,Mexico,11,Guanajuato,339,Silao
145,Mexico,11,Guanajuato,340,Tarandacuao
145,Mexico,11,Guanajuato,341,Tarimoro
145,Mexico,11,Guanajuato,342,Tierra Blanca
145,Mexico,11,Guanajuato,343,Uriangato
145,Mexico,11,Guanajuato,344,Valle de Santiago
145,Mexico,11,Guanajuato,345,Victoria
145,Mexico,11,Guanajuato,346,Villagrán
145,Mexico,11,Guanajuato,347,Xichú
145,Mexico,11,Guanajuato,348,Yuriria
145,Mexico,12,Guerrero,349,Acapulco de Juárez
145,Mexico,12,Guerrero,350,Ahuacuotzingo
145,Mexico,12,Guerrero,351,Ajuchitlán del Progreso
145,Mexico,12,Guerrero,352,Alcozauca de Guerrero
145,Mexico,12,Guerrero,353,Alpoyeca
145,Mexico,12,Guerrero,354,Apaxtla
145,Mexico,12,Guerrero,355,Arcelia
145,Mexico,12,Guerrero,356,Atenango del Río
145,Mexico,12,Guerrero,357,Atlamajalcingo del Monte
145,Mexico,12,Guerrero,358,Atlixtac
145,Mexico,12,Guerrero,359,Atoyac de Alvarez
145,Mexico,12,Guerrero,360,Ayutla de los Libres
145,Mexico,12,Guerrero,361,Azoyú
145,Mexico,12,Guerrero,362,Benito Juárez
145,Mexico,12,Guerrero,363,Buenavista de Cuéllar
145,Mexico,12,Guerrero,364,Chilapa de Alvarez
145,Mexico,12,Guerrero,365,Chilpancingo de los Bravo
145,Mexico,12,Guerrero,366,Cocula
145,Mexico,12,Guerrero,367,Copala
145,Mexico,12,Guerrero,368,Copalillo
145,Mexico,12,Guerrero,369,Copanatoyac
145,Mexico,12,Guerrero,370,Coyuca de Benítez
145,Mexico,12,Guerrero,371,Coyuca de Catalán
145,Mexico,12,Guerrero,372,Cuajinicuilapa
145,Mexico,12,Guerrero,373,Cualác
145,Mexico,12,Guerrero,374,Cuautepec
145,Mexico,12,Guerrero,375,Cuetzala del Progreso
145,Mexico,12,Guerrero,376,Cutzamala de Pinzón
145,Mexico,12,Guerrero,377,Eduardo Neri
145,Mexico,12,Guerrero,378,Erongarícuaro
145,Mexico,12,Guerrero,379,Florencio Villarreal
145,Mexico,12,Guerrero,380,General Canuto A. Neri
145,Mexico,12,Guerrero,381,General Heliodoro Castillo
145,Mexico,12,Guerrero,382,Huamuxtitlán
145,Mexico,12,Guerrero,383,Huitzuco de los Figueroa
145,Mexico,12,Guerrero,384,Iguala de la Independencia
145,Mexico,12,Guerrero,385,Igualapa
145,Mexico,12,Guerrero,386,Ixcateopan de Cuauhtémoc
145,Mexico,12,Guerrero,387,José Azueta
145,Mexico,12,Guerrero,388,Juan R. Escudero
145,Mexico,12,Guerrero,389,La Union
145,Mexico,12,Guerrero,390,Leonardo Bravo
145,Mexico,12,Guerrero,391,Mártir de Cuilapan
145,Mexico,12,Guerrero,392,Malinaltepec
145,Mexico,12,Guerrero,393,Metlatónoc
145,Mexico,12,Guerrero,394,Mochitlán
145,Mexico,12,Guerrero,395,Olinalá
145,Mexico,12,Guerrero,396,Ometepec
145,Mexico,12,Guerrero,397,Pedro Ascencio Alquisiras
145,Mexico,12,Guerrero,398,Petatlán
145,Mexico,12,Guerrero,399,Pilcaya
145,Mexico,12,Guerrero,400,Pungarabato
145,Mexico,12,Guerrero,401,Quechultenango
145,Mexico,12,Guerrero,402,San Luis Acatlán
145,Mexico,12,Guerrero,403,San Marcos
145,Mexico,12,Guerrero,404,San Miguel Totolapan
145,Mexico,12,Guerrero,405,Técpan de Galeana
145,Mexico,12,Guerrero,406,Taxco de Alarcón
145,Mexico,12,Guerrero,407,Tecoanapa
145,Mexico,12,Guerrero,408,Teloloapan
145,Mexico,12,Guerrero,409,Tepecoacuilco de Trujano
145,Mexico,12,Guerrero,410,Tetipac
145,Mexico,12,Guerrero,411,Tixtla de Guerrero
145,Mexico,12,Guerrero,412,Tlacoachistlahuaca
145,Mexico,12,Guerrero,413,Tlacoapa
145,Mexico,12,Guerrero,414,Tlalchapa
145,Mexico,12,Guerrero,415,Tlalixtaquilla de Maldonado
145,Mexico,12,Guerrero,416,Tlapa de Comonfort
145,Mexico,12,Guerrero,417,Tlapehuala
145,Mexico,12,Guerrero,418,Xalpatláhuac
145,Mexico,12,Guerrero,419,Xochihuehuetlán
145,Mexico,12,Guerrero,420,Xochistlahuaca
145,Mexico,12,Guerrero,421,Zapotitlán Tablas
145,Mexico,12,Guerrero,422,Zirándaro
145,Mexico,12,Guerrero,423,Zitlala
145,Mexico,13,Hidalgo,424,Acatlán
145,Mexico,13,Hidalgo,425,Acaxochitlán
145,Mexico,13,Hidalgo,426,Actopan
145,Mexico,13,Hidalgo,427,Agua Blanca de Iturbide
145,Mexico,13,Hidalgo,428,Ajacuba
145,Mexico,13,Hidalgo,429,Alfajayucan
145,Mexico,13,Hidalgo,430,Almoloya
145,Mexico,13,Hidalgo,431,Apan
145,Mexico,13,Hidalgo,432,Atitalaquia
145,Mexico,13,Hidalgo,433,Atlapexco
145,Mexico,13,Hidalgo,434,Atotonilco de Tula
145,Mexico,13,Hidalgo,435,Atotonilco el Grande
145,Mexico,13,Hidalgo,436,Calnali
145,Mexico,13,Hidalgo,437,Cardonal
145,Mexico,13,Hidalgo,438,Chapantongo
145,Mexico,13,Hidalgo,439,Chapulhuacán
145,Mexico,13,Hidalgo,440,Chilcuautla
145,Mexico,13,Hidalgo,441,Cuautepec de Hinojosa
145,Mexico,13,Hidalgo,442,El Arenal
145,Mexico,13,Hidalgo,443,Eloxochitlán
145,Mexico,13,Hidalgo,444,Emiliano Zapata
145,Mexico,13,Hidalgo,445,Epazoyucan
145,Mexico,13,Hidalgo,446,Francisco I. Madero
145,Mexico,13,Hidalgo,447,Huasca de Ocampo
145,Mexico,13,Hidalgo,448,Huautla
145,Mexico,13,Hidalgo,449,Huazalingo
145,Mexico,13,Hidalgo,450,Huehuetla
145,Mexico,13,Hidalgo,451,Huejutla de Reyes
145,Mexico,13,Hidalgo,452,Huichapan
145,Mexico,13,Hidalgo,453,Ixmiquilpan
145,Mexico,13,Hidalgo,454,Jacala de Ledezma
145,Mexico,13,Hidalgo,455,Jaltocán
145,Mexico,13,Hidalgo,456,Juárez Hidalgo
145,Mexico,13,Hidalgo,457,La Misión
145,Mexico,13,Hidalgo,458,Lolotla
145,Mexico,13,Hidalgo,459,Metepec
145,Mexico,13,Hidalgo,460,Metztitlán
145,Mexico,13,Hidalgo,461,Mineral de la Reforma
145,Mexico,13,Hidalgo,462,Mineral del Chico
145,Mexico,13,Hidalgo,463,Mineral del Monte
145,Mexico,13,Hidalgo,464,Mixquiahuala de Juárez
145,Mexico,13,Hidalgo,465,Molango de Escamilla
145,Mexico,13,Hidalgo,466,Nicolás Flores
145,Mexico,13,Hidalgo,467,Nopala de Villagrán
145,Mexico,13,Hidalgo,468,Omitlán de Juárez
145,Mexico,13,Hidalgo,469,Pachuca de Soto
145,Mexico,13,Hidalgo,470,Pacula
145,Mexico,13,Hidalgo,471,Pisaflores
145,Mexico,13,Hidalgo,472,Progreso de Obregón
145,Mexico,13,Hidalgo,473,San Agustín Metzquititlán
145,Mexico,13,Hidalgo,474,San Agustín Tlaxiaca
145,Mexico,13,Hidalgo,475,San Bartolo Tutotepec
145,Mexico,13,Hidalgo,476,San Felipe Orizatlán
145,Mexico,13,Hidalgo,477,San Salvador
145,Mexico,13,Hidalgo,478,Santiago de Anaya
145,Mexico,13,Hidalgo,479,Santiago Tulantepec de Lugo Guerrero
145,Mexico,13,Hidalgo,480,Singuilucan
145,Mexico,13,Hidalgo,481,Tasquillo
145,Mexico,13,Hidalgo,482,Tecozautla
145,Mexico,13,Hidalgo,483,Tenango de Doria
145,Mexico,13,Hidalgo,484,Tepeapulco
145,Mexico,13,Hidalgo,485,Tepehuacán de Guerrero
145,Mexico,13,Hidalgo,486,Tepeji del Río de Ocampo
145,Mexico,13,Hidalgo,487,Tepetitlán
145,Mexico,13,Hidalgo,488,Tetepango
145,Mexico,13,Hidalgo,489,Tezontepec de Aldama
145,Mexico,13,Hidalgo,490,Tianguistengo
145,Mexico,13,Hidalgo,491,Tizayuca
145,Mexico,13,Hidalgo,492,Tlahuelilpan
145,Mexico,13,Hidalgo,493,Tlahuiltepa
145,Mexico,13,Hidalgo,494,Tlanalapa
145,Mexico,13,Hidalgo,495,Tlanchinol
145,Mexico,13,Hidalgo,496,Tlaxcoapan
145,Mexico,13,Hidalgo,497,Tolcayuca
145,Mexico,13,Hidalgo,498,Tula de Allende
145,Mexico,13,Hidalgo,499,Tulancingo de Bravo
145,Mexico,13,Hidalgo,500,Villa de Tezontepec
145,Mexico,13,Hidalgo,501,Xochiatipan
145,Mexico,13,Hidalgo,502,Xochicoatlán
145,Mexico,13,Hidalgo,503,Yahualica
145,Mexico,13,Hidalgo,504,Zacualtipán de Angeles
145,Mexico,13,Hidalgo,505,Zapotlán de Juárez
145,Mexico,13,Hidalgo,506,Zempoala
145,Mexico,13,Hidalgo,507,Zimapán
145,Mexico,14,Jalisco,508,Acatic
145,Mexico,14,Jalisco,509,Acatlán de Juárez
145,Mexico,14,Jalisco,510,Ahualulco de Mercado
145,Mexico,14,Jalisco,511,Amacueca
145,Mexico,14,Jalisco,512,Amatitán
145,Mexico,14,Jalisco,513,Ameca
145,Mexico,14,Jalisco,514,Antonio Escobedo
145,Mexico,14,Jalisco,515,Arandas
145,Mexico,14,Jalisco,516,Atemajac de Brizuela
145,Mexico,14,Jalisco,517,Atengo
145,Mexico,14,Jalisco,518,Atenguillo
145,Mexico,14,Jalisco,519,Atotonilco El Alto
145,Mexico,14,Jalisco,520,Atoyac
145,Mexico,14,Jalisco,521,Autlán de Navarro
145,Mexico,14,Jalisco,522,Ayotlán
145,Mexico,14,Jalisco,523,Ayutla
145,Mexico,14,Jalisco,524,Bolaños
145,Mexico,14,Jalisco,525,Cañadas de Obregón
145,Mexico,14,Jalisco,526,Cabo Corrientes
145,Mexico,14,Jalisco,527,Casimiro Castillo
145,Mexico,14,Jalisco,528,Chapala
145,Mexico,14,Jalisco,529,Chimaltitán
145,Mexico,14,Jalisco,530,Chiquilistlán
145,Mexico,14,Jalisco,531,Cihuatlán
145,Mexico,14,Jalisco,532,Ciudad Guzman
145,Mexico,14,Jalisco,533,Ciudad Venustiano Carranza
145,Mexico,14,Jalisco,534,Cocula
145,Mexico,14,Jalisco,535,Colotlán
145,Mexico,14,Jalisco,536,Concepción de Buenos Aires
145,Mexico,14,Jalisco,537,Cuautitlán de García Barragán
145,Mexico,14,Jalisco,538,Cuautla
145,Mexico,14,Jalisco,539,Cuquito
145,Mexico,14,Jalisco,540,Degollado
145,Mexico,14,Jalisco,541,Ejutla
145,Mexico,14,Jalisco,542,El Arenal
145,Mexico,14,Jalisco,543,El Grullo
145,Mexico,14,Jalisco,544,El Limón
145,Mexico,14,Jalisco,545,El Salto
145,Mexico,14,Jalisco,546,Encarnación de Díaz
145,Mexico,14,Jalisco,547,Etzatlán
145,Mexico,14,Jalisco,548,Gómez Farías
145,Mexico,14,Jalisco,549,Guachinango
145,Mexico,14,Jalisco,550,Guadalajara
145,Mexico,14,Jalisco,551,Hostotipaquillo
145,Mexico,14,Jalisco,552,Huejúcar
145,Mexico,14,Jalisco,553,Huejuquilla el Alto
145,Mexico,14,Jalisco,554,Ixtlahuacán de los Membrillos
145,Mexico,14,Jalisco,555,Ixtlahuacán del Río
145,Mexico,14,Jalisco,556,Jalostotitlán
145,Mexico,14,Jalisco,557,Jamay
145,Mexico,14,Jalisco,558,Jesús María
145,Mexico,14,Jalisco,559,Jilotlán de los Dolores
145,Mexico,14,Jalisco,560,Jocotepec
145,Mexico,14,Jalisco,561,Juanacatlán
145,Mexico,14,Jalisco,562,Juchitlán
145,Mexico,14,Jalisco,563,La Barca
145,Mexico,14,Jalisco,564,La Huerta
145,Mexico,14,Jalisco,565,La Manzanilla de la Paz
145,Mexico,14,Jalisco,566,Lago de Chapala
145,Mexico,14,Jalisco,567,Lagos de Moreno
145,Mexico,14,Jalisco,568,Magdalena
145,Mexico,14,Jalisco,569,Manuel M. Dieguez
145,Mexico,14,Jalisco,570,Mascota
145,Mexico,14,Jalisco,571,Mazamitla
145,Mexico,14,Jalisco,572,Mexticacán
145,Mexico,14,Jalisco,573,Mezquitic
145,Mexico,14,Jalisco,574,Mixtlán
145,Mexico,14,Jalisco,575,Ocotlán
145,Mexico,14,Jalisco,576,Ojuelos de Jalisco
145,Mexico,14,Jalisco,577,Pihuamo
145,Mexico,14,Jalisco,578,Poncitlán
145,Mexico,14,Jalisco,579,Puerto Vallarta
145,Mexico,14,Jalisco,580,Quitupan
145,Mexico,14,Jalisco,581,San Cristóbal de la Barranca
145,Mexico,14,Jalisco,582,San Diego de Alejandría
145,Mexico,14,Jalisco,583,San Juan de los Lagos
145,Mexico,14,Jalisco,584,San Julián
145,Mexico,14,Jalisco,585,San Marcos
145,Mexico,14,Jalisco,586,San Martín de Bolaños
145,Mexico,14,Jalisco,587,San Martín Hidalgo
145,Mexico,14,Jalisco,588,San Miguel el Alto
145,Mexico,14,Jalisco,589,San Sebastián del Oeste
145,Mexico,14,Jalisco,590,Santa María de los Angeles
145,Mexico,14,Jalisco,591,Sayula
145,Mexico,14,Jalisco,592,Tala
145,Mexico,14,Jalisco,593,Talpa de Allende
145,Mexico,14,Jalisco,594,Tamazula de Gordiano
145,Mexico,14,Jalisco,595,Tapalpa
145,Mexico,14,Jalisco,596,Tecalitlán
145,Mexico,14,Jalisco,597,Techaluta de Montenegro
145,Mexico,14,Jalisco,598,Tecolotlán
145,Mexico,14,Jalisco,599,Tenamaxtlán
145,Mexico,14,Jalisco,600,Teocaltiche
145,Mexico,14,Jalisco,601,Teocuitatlán de Corona
145,Mexico,14,Jalisco,602,Tepatitlán de Morelos
145,Mexico,14,Jalisco,603,Tequila
145,Mexico,14,Jalisco,604,Teuchitlán
145,Mexico,14,Jalisco,605,Tizapán el Alto
145,Mexico,14,Jalisco,606,Tlajomulco de Zúñiga
145,Mexico,14,Jalisco,607,Tlaquepaque
145,Mexico,14,Jalisco,608,Tolimán
145,Mexico,14,Jalisco,609,Tomatlán
145,Mexico,14,Jalisco,610,Tonalá
145,Mexico,14,Jalisco,611,Tonaya
145,Mexico,14,Jalisco,612,Tonila
145,Mexico,14,Jalisco,613,Totatiche
145,Mexico,14,Jalisco,614,Tototlán
145,Mexico,14,Jalisco,615,Tuxcacuesco
145,Mexico,14,Jalisco,616,Tuxcueca
145,Mexico,14,Jalisco,617,Tuxpan
145,Mexico,14,Jalisco,618,Unión de San Antonio
145,Mexico,14,Jalisco,619,Unión de Tula
145,Mexico,14,Jalisco,620,Valle de Guadalupe
145,Mexico,14,Jalisco,621,Valle de Juárez
145,Mexico,14,Jalisco,622,Villa Corona
145,Mexico,14,Jalisco,623,Villa Guerrero
145,Mexico,14,Jalisco,624,Villa Hidalgo
145,Mexico,14,Jalisco,625,Villa Purificación
145,Mexico,14,Jalisco,626,Yahualica de González Gallo
145,Mexico,14,Jalisco,627,Zacoalco de Torres
145,Mexico,14,Jalisco,628,Zapopan
145,Mexico,14,Jalisco,629,Zapotiltic
145,Mexico,14,Jalisco,630,Zapotitlán de Vadillo
145,Mexico,14,Jalisco,631,Zapotlán del Rey
145,Mexico,14,Jalisco,632,Zapotlanejo
145,Mexico,15,México,633,Acambay
145,Mexico,15,México,634,Acolman
145,Mexico,15,México,635,Aculco
145,Mexico,15,México,636,Almoloya de Alquisiras
145,Mexico,15,México,637,Almoloya de Juárez
145,Mexico,15,México,638,Almoloya del Río
145,Mexico,15,México,639,Amanalco
145,Mexico,15,México,640,Amatepec
145,Mexico,15,México,641,Amecameca
145,Mexico,15,México,642,Apaxco
145,Mexico,15,México,643,Atenco
145,Mexico,15,México,644,Atizapán de Zaragoza
145,Mexico,15,México,645,Atizapán
145,Mexico,15,México,646,Atlacomulco
145,Mexico,15,México,647,Atlautla
145,Mexico,15,México,648,Axapusco
145,Mexico,15,México,649,Ayapango
145,Mexico,15,México,650,Calimaya
145,Mexico,15,México,651,Capulhuac
145,Mexico,15,México,652,Chalco
145,Mexico,15,México,653,Chapa de Mota
145,Mexico,15,México,654,Chapultepec
145,Mexico,15,México,655,Chiautla
145,Mexico,15,México,656,Chicoloapan
145,Mexico,15,México,657,Chiconcuac
145,Mexico,15,México,658,Chimalhuacán
145,Mexico,15,México,659,Coacalco de Berriozábal
145,Mexico,15,México,660,Coatepec Harinas
145,Mexico,15,México,661,Cocotitlán
145,Mexico,15,México,662,Coyotepec
145,Mexico,15,México,663,Cuautitlán Izcalli
145,Mexico,15,México,664,Cuautitlán
145,Mexico,15,México,665,Donato Guerra
145,Mexico,15,México,666,Ecatepec de Morelos
145,Mexico,15,México,667,Ecatzingo
145,Mexico,15,México,668,El Oro
145,Mexico,15,México,669,Huehuetoca
145,Mexico,15,México,670,Hueypoxtla
145,Mexico,15,México,671,Huixquilucan
145,Mexico,15,México,672,Isidro Fabela
145,Mexico,15,México,673,Ixtapaluca
145,Mexico,15,México,674,Ixtapan de la Sal
145,Mexico,15,México,675,Ixtapan del Oro
145,Mexico,15,México,676,Ixtlahuaca
145,Mexico,15,México,677,Jalatlaco
145,Mexico,15,México,678,Jaltenco
145,Mexico,15,México,679,Jilotepec
145,Mexico,15,México,680,Jilotzingo
145,Mexico,15,México,681,Jiquipilco
145,Mexico,15,México,682,Jocotitlán
145,Mexico,15,México,683,Joquicingo
145,Mexico,15,México,684,Juchitepec
145,Mexico,15,México,685,La Paz
145,Mexico,28,Tamaulipas,1405,Antiguo Morelos
145,Mexico,28,Tamaulipas,1406,Burgos
145,Mexico,28,Tamaulipas,1407,Bustamante
145,Mexico,28,Tamaulipas,1408,Camargo
145,Mexico,28,Tamaulipas,1409,Casas
145,Mexico,28,Tamaulipas,1410,Ciudad Madero
145,Mexico,28,Tamaulipas,1411,Cruillas
145,Mexico,28,Tamaulipas,1412,El Mante
145,Mexico,28,Tamaulipas,1413,Güémez
145,Mexico,28,Tamaulipas,1414,Gómez Farias
145,Mexico,28,Tamaulipas,1415,González
145,Mexico,28,Tamaulipas,1416,Guerrero
145,Mexico,28,Tamaulipas,1417,Gustavo Díaz Ordáz
145,Mexico,28,Tamaulipas,1418,Hidalgo
145,Mexico,28,Tamaulipas,1419,Jaumave
145,Mexico,28,Tamaulipas,1420,Jiménez
145,Mexico,28,Tamaulipas,1421,Llera
145,Mexico,28,Tamaulipas,1422,Méndez
145,Mexico,28,Tamaulipas,1423,Mainero
145,Mexico,28,Tamaulipas,1424,Matamoros
145,Mexico,15,México,686,Lerma
145,Mexico,15,México,687,Malinalco
145,Mexico,15,México,688,Melchor Ocampo
145,Mexico,15,México,689,Metepec
145,Mexico,15,México,690,Mexicaltzingo
145,Mexico,15,México,691,Morelos
145,Mexico,15,México,692,Naucalpan de Juárez
145,Mexico,15,México,693,Nextlalpan
145,Mexico,15,México,694,Nezahualcóyotl
145,Mexico,15,México,695,Nicolás Romero
145,Mexico,15,México,696,Nopaltepec
145,Mexico,15,México,697,Ocoyoacac
145,Mexico,15,México,698,Ocuilan
145,Mexico,15,México,699,Otumba
145,Mexico,15,México,700,Otzoloapan
145,Mexico,15,México,701,Otzolotepec
145,Mexico,15,México,702,Ozumba
145,Mexico,15,México,703,Papalotla
145,Mexico,15,México,704,Polotitlán
145,Mexico,15,México,705,Rayón
145,Mexico,15,México,706,San Antonio La Isla
145,Mexico,15,México,707,San Felipe del Progreso
145,Mexico,15,México,708,San Martín de las Piráámides
145,Mexico,15,México,709,San Mateo Atenco
145,Mexico,15,México,710,San Simón de Guerrero
145,Mexico,15,México,711,Santo Tomás
145,Mexico,15,México,712,Soyaniquilpan de Juárez
145,Mexico,15,México,713,Sultepec
145,Mexico,15,México,714,Tecámac
145,Mexico,15,México,715,Tejupilco
145,Mexico,15,México,716,Temamatla
145,Mexico,15,México,717,Temascalapa
145,Mexico,15,México,718,Temascalcingo
145,Mexico,15,México,719,Temascaltepec
145,Mexico,15,México,720,Temoaya
145,Mexico,15,México,721,Tenancingo
145,Mexico,15,México,722,Tenango del Aire
145,Mexico,15,México,723,Tenango del Valle
145,Mexico,15,México,724,Teoloyucán
145,Mexico,15,México,725,Teotihuacán
145,Mexico,15,México,726,Tepetlaoxtoc
145,Mexico,15,México,727,Tepetlixpa
145,Mexico,15,México,728,Tepotzotlán
145,Mexico,15,México,729,Tequixquiac
145,Mexico,15,México,730,Texcaltitlán
145,Mexico,15,México,731,Texcalyacac
145,Mexico,15,México,732,Texcoco
145,Mexico,15,México,733,Tezoyuca
145,Mexico,15,México,734,Tianguistenco
145,Mexico,15,México,735,Timilpan
145,Mexico,15,México,736,Tlalmanalco
145,Mexico,15,México,737,Tlalnepantla
145,Mexico,15,México,738,Tlatlaya
145,Mexico,15,México,739,Toluca
145,Mexico,15,México,740,Tonatico
145,Mexico,15,México,741,Tultepec
145,Mexico,15,México,742,Tultitlán
145,Mexico,15,México,743,Valle de Bravo
145,Mexico,15,México,744,Villa de Allende
145,Mexico,15,México,745,Villa del Carbón
145,Mexico,15,México,746,Villa Guerrero
145,Mexico,15,México,747,Villa Victoria
145,Mexico,15,México,748,Xonacatlán
145,Mexico,15,México,749,Zacazonapan
145,Mexico,15,México,750,Zacualpan
145,Mexico,15,México,751,Zinacatepec
145,Mexico,15,México,752,Zumpahuacan
145,Mexico,15,México,753,Zumpango
145,Mexico,16,Michoacán,754,Álvaro Obregón
145,Mexico,16,Michoacán,755,Acuitzio
145,Mexico,16,Michoacán,756,Aguililla
145,Mexico,16,Michoacán,757,Angamacutiro
145,Mexico,16,Michoacán,758,Angangueo
145,Mexico,16,Michoacán,759,Apatzingán
145,Mexico,16,Michoacán,760,Aporo
145,Mexico,16,Michoacán,761,Aquila
145,Mexico,16,Michoacán,762,Ario
145,Mexico,16,Michoacán,763,Arteaga
145,Mexico,16,Michoacán,764,Briseñas
145,Mexico,16,Michoacán,765,Buenavista
145,Mexico,16,Michoacán,766,Carácuaro
145,Mexico,16,Michoacán,767,Charapan
145,Mexico,16,Michoacán,768,Charo
145,Mexico,16,Michoacán,769,Chavinda
145,Mexico,16,Michoacán,770,Cherán
145,Mexico,16,Michoacán,771,Chilchota
145,Mexico,16,Michoacán,772,Chinicuila
145,Mexico,16,Michoacán,773,Chucándiro
145,Mexico,16,Michoacán,774,Churintzio
145,Mexico,16,Michoacán,775,Churumuco
145,Mexico,16,Michoacán,776,Coahuayana
145,Mexico,16,Michoacán,777,Coalcomán de Vázquez Pallares
145,Mexico,16,Michoacán,778,Coeneo
145,Mexico,16,Michoacán,779,Cojumatlán de Régules
145,Mexico,16,Michoacán,780,Contepec
145,Mexico,16,Michoacán,781,Copándaro
145,Mexico,16,Michoacán,782,Cotija
145,Mexico,16,Michoacán,783,Cuitzeo
145,Mexico,16,Michoacán,784,Ecuandureo
145,Mexico,16,Michoacán,785,Epitacio Huerta
145,Mexico,16,Michoacán,786,Erongarícuaro
145,Mexico,16,Michoacán,787,Gabriel Zamora
145,Mexico,16,Michoacán,788,Hidalgo
145,Mexico,16,Michoacán,789,Huandacareo
145,Mexico,16,Michoacán,790,Huaniqueo
145,Mexico,16,Michoacán,791,Huetamo
145,Mexico,16,Michoacán,792,Huiramba
145,Mexico,16,Michoacán,793,Indoparapeo
145,Mexico,16,Michoacán,794,Irimbo
145,Mexico,16,Michoacán,795,Ixtlán
145,Mexico,16,Michoacán,796,Jacona
145,Mexico,16,Michoacán,797,Jiménez
145,Mexico,16,Michoacán,798,Jiquilpan
145,Mexico,16,Michoacán,799,José Sixto Verduzco
145,Mexico,16,Michoacán,800,Juárez
145,Mexico,16,Michoacán,801,Jungapeo
145,Mexico,16,Michoacán,802,La Huacana
145,Mexico,16,Michoacán,803,La Piedad
145,Mexico,16,Michoacán,804,Lázaro Cárdenas
145,Mexico,16,Michoacán,805,Lagunillas
145,Mexico,16,Michoacán,806,Los Reyes
145,Mexico,16,Michoacán,807,Madero
145,Mexico,16,Michoacán,808,Múgica
145,Mexico,16,Michoacán,809,Maravatío
145,Mexico,16,Michoacán,810,Marcos Castellanos
145,Mexico,16,Michoacán,811,Morelia
145,Mexico,16,Michoacán,812,Morelos
145,Mexico,16,Michoacán,813,Nahuatzen
145,Mexico,16,Michoacán,814,Nocupétaro
145,Mexico,16,Michoacán,815,Nuevo Paranguricutiro
145,Mexico,16,Michoacán,816,Nuevo Urecho
145,Mexico,16,Michoacán,817,Numarán
145,Mexico,16,Michoacán,818,Ocampo
145,Mexico,16,Michoacán,819,Pátzcuaro
145,Mexico,16,Michoacán,820,Pajacuarán
145,Mexico,16,Michoacán,821,Panindícuaro
145,Mexico,16,Michoacán,822,Parácuaro
145,Mexico,16,Michoacán,823,Paracho
145,Mexico,16,Michoacán,824,Penjamillo
145,Mexico,16,Michoacán,825,Peribán
145,Mexico,16,Michoacán,826,Purépero
145,Mexico,16,Michoacán,827,Puruándiro
145,Mexico,16,Michoacán,828,Queréndaro
145,Mexico,16,Michoacán,829,Quiroga
145,Mexico,16,Michoacán,830,Sahuayo
145,Mexico,16,Michoacán,831,Salvador Escalante
145,Mexico,16,Michoacán,832,San Lucas
145,Mexico,16,Michoacán,833,Santa Ana Maya
145,Mexico,16,Michoacán,834,Senguio
145,Mexico,16,Michoacán,835,Susupuato
145,Mexico,16,Michoacán,836,Tacámbaro
145,Mexico,16,Michoacán,837,Tangamandapio
145,Mexico,16,Michoacán,838,Tangancícuaro
145,Mexico,16,Michoacán,839,Tanhuato
145,Mexico,16,Michoacán,840,Tarímbaro
145,Mexico,16,Michoacán,841,Taretan
145,Mexico,16,Michoacán,842,Tepalcatepec
145,Mexico,16,Michoacán,843,Tingambato
145,Mexico,16,Michoacán,844,Tinguindín
145,Mexico,16,Michoacán,845,Tiquicheo de Nicolás Romero
145,Mexico,16,Michoacán,846,Tlalpujahua
145,Mexico,16,Michoacán,847,Tlazazalca
145,Mexico,16,Michoacán,848,Tocumbo
145,Mexico,16,Michoacán,849,Tumbiscatío
145,Mexico,16,Michoacán,850,Turicato
145,Mexico,16,Michoacán,851,Tuxpan
145,Mexico,16,Michoacán,852,Tuzantla
145,Mexico,16,Michoacán,853,Tzintzuntzan
145,Mexico,16,Michoacán,854,Tzitzio
145,Mexico,16,Michoacán,855,Uruapan
145,Mexico,16,Michoacán,856,Venustiano Carranza
145,Mexico,16,Michoacán,857,Villamar
145,Mexico,16,Michoacán,858,Vista Hermosa
145,Mexico,16,Michoacán,859,Yurécuaro
145,Mexico,16,Michoacán,860,Zacapu
145,Mexico,16,Michoacán,861,Zamora
145,Mexico,16,Michoacán,862,Zináparo
145,Mexico,16,Michoacán,863,Zinapécuaro
145,Mexico,16,Michoacán,864,Zirándaro
145,Mexico,16,Michoacán,865,Ziracuaretiro
145,Mexico,16,Michoacán,866,Zitácuaro
145,Mexico,17,Morelos,867,Amacuzac
145,Mexico,17,Morelos,868,Atlatlahucan
145,Mexico,17,Morelos,869,Axochiapan
145,Mexico,17,Morelos,870,Ayala
145,Mexico,17,Morelos,871,Coatlán del Río
145,Mexico,17,Morelos,872,Cuautla
145,Mexico,17,Morelos,873,Cuernavaca
145,Mexico,17,Morelos,874,Emiliano Zapata
145,Mexico,17,Morelos,875,Huitzilac
145,Mexico,17,Morelos,876,Jantetelco
145,Mexico,17,Morelos,877,Jiutepec
145,Mexico,17,Morelos,878,Jojutla
145,Mexico,17,Morelos,879,Jonacatepec
145,Mexico,17,Morelos,880,Mazatepec
145,Mexico,17,Morelos,881,Miacatlán
145,Mexico,17,Morelos,882,Ocuituco
145,Mexico,17,Morelos,883,Puente de Ixtla
145,Mexico,17,Morelos,884,Temixco
145,Mexico,17,Morelos,885,Temoac
145,Mexico,17,Morelos,886,Tepalcingo
145,Mexico,17,Morelos,887,Tepoztlán
145,Mexico,17,Morelos,888,Tetecala
145,Mexico,17,Morelos,889,Tetela del Volcán
145,Mexico,17,Morelos,890,Tlalnepantla
145,Mexico,17,Morelos,891,Tlaltizapán
145,Mexico,17,Morelos,892,Tlaquiltenango
145,Mexico,17,Morelos,893,Tlayacapan
145,Mexico,17,Morelos,894,Totolapan
145,Mexico,17,Morelos,895,Xochitepec
145,Mexico,17,Morelos,896,Yautepec
145,Mexico,17,Morelos,897,Yecapixtla
145,Mexico,17,Morelos,898,Zacatepec de Hidalgo
145,Mexico,17,Morelos,899,Zacualpan
145,Mexico,18,Nayarit,900,Acaponeta
145,Mexico,18,Nayarit,901,Ahuacatlán
145,Mexico,18,Nayarit,902,Amatlán de Cañas
145,Mexico,18,Nayarit,903,Compostela
145,Mexico,18,Nayarit,904,El Nayar
145,Mexico,18,Nayarit,905,Huajicori
145,Mexico,18,Nayarit,906,Ixtlán del Río
145,Mexico,18,Nayarit,907,Jala
145,Mexico,18,Nayarit,908,La Yesca
145,Mexico,18,Nayarit,909,NA
145,Mexico,18,Nayarit,910,Rosamorada
145,Mexico,18,Nayarit,911,Ruíz
145,Mexico,18,Nayarit,912,San Blas
145,Mexico,18,Nayarit,913,San Pedro Lagunillas
145,Mexico,18,Nayarit,914,Santa María del Oro
145,Mexico,18,Nayarit,915,Santiago Ixcuintla
145,Mexico,18,Nayarit,916,Tecuala
145,Mexico,18,Nayarit,917,Tepic
145,Mexico,18,Nayarit,918,Tuxpan
145,Mexico,18,Nayarit,919,Xalisco
145,Mexico,19,Nuevo León,920,Abasolo
145,Mexico,19,Nuevo León,921,Agualeguas
145,Mexico,19,Nuevo León,922,Allende
145,Mexico,19,Nuevo León,923,Anáhuac
145,Mexico,19,Nuevo León,924,Apodaca
145,Mexico,19,Nuevo León,925,Aramberri
145,Mexico,19,Nuevo León,926,Bustamante
145,Mexico,19,Nuevo León,927,Cadereyta Jiménez
145,Mexico,19,Nuevo León,928,Carmen
145,Mexico,19,Nuevo León,929,Cerralvo
145,Mexico,19,Nuevo León,930,China
145,Mexico,19,Nuevo León,931,Ciénega de Flores
145,Mexico,19,Nuevo León,932,Doctor Arroyo
145,Mexico,19,Nuevo León,933,Doctor Coss
145,Mexico,19,Nuevo León,934,Doctor González
145,Mexico,19,Nuevo León,935,Galeana
145,Mexico,19,Nuevo León,936,García
145,Mexico,19,Nuevo León,937,General Bravo
145,Mexico,19,Nuevo León,938,General Escobedo
145,Mexico,19,Nuevo León,939,General Terán
145,Mexico,19,Nuevo León,940,General Treviño
145,Mexico,19,Nuevo León,941,General Zaragoza
145,Mexico,19,Nuevo León,942,General Zuazua
145,Mexico,19,Nuevo León,943,Guadalupe
145,Mexico,19,Nuevo León,944,Hidalgo
145,Mexico,19,Nuevo León,945,Higueras
145,Mexico,19,Nuevo León,946,Iturbide
145,Mexico,19,Nuevo León,947,Juárez
145,Mexico,19,Nuevo León,948,Lampazos de Naranjo
145,Mexico,19,Nuevo León,949,Linares
145,Mexico,19,Nuevo León,950,Los Aldamas
145,Mexico,19,Nuevo León,951,Los Herreras
145,Mexico,19,Nuevo León,952,Los Ramones
145,Mexico,19,Nuevo León,953,Marín
145,Mexico,19,Nuevo León,954,Melchor Ocampo
145,Mexico,19,Nuevo León,955,Mier y Noriega
145,Mexico,19,Nuevo León,956,Mina
145,Mexico,19,Nuevo León,957,Montemorelos
145,Mexico,19,Nuevo León,958,Monterrey
145,Mexico,19,Nuevo León,959,Parás
145,Mexico,19,Nuevo León,960,Pesquería
145,Mexico,19,Nuevo León,961,Rayones
145,Mexico,19,Nuevo León,962,Sabinas Hidalgo
145,Mexico,19,Nuevo León,963,Salinas Victoria
145,Mexico,19,Nuevo León,964,San Nicolás de los Garza
145,Mexico,19,Nuevo León,965,San Pedro Garza García
145,Mexico,19,Nuevo León,966,Santa Catarina
145,Mexico,19,Nuevo León,967,Santiago
145,Mexico,19,Nuevo León,968,Vallecillo
145,Mexico,19,Nuevo León,969,Villaldama
145,Mexico,20,Oaxaca,970,Choapam
145,Mexico,20,Oaxaca,971,Coixtlahuaca
145,Mexico,20,Oaxaca,972,Cuicatlan
145,Mexico,20,Oaxaca,973,Del Centro
145,Mexico,20,Oaxaca,974,Dist. Ejutla
145,Mexico,20,Oaxaca,975,Dist. Etla
145,Mexico,20,Oaxaca,976,Dist. Huajuapam
145,Mexico,20,Oaxaca,977,Dist. Ixtlan
145,Mexico,20,Oaxaca,978,Dist. Jamiltepec
145,Mexico,20,Oaxaca,979,Dist. Juchitan
145,Mexico,20,Oaxaca,980,Dist. Juquila
145,Mexico,20,Oaxaca,981,Dist. Juxtlahuaca
145,Mexico,20,Oaxaca,982,Dist. Miahuatlan
145,Mexico,20,Oaxaca,983,Dist. Mixe
145,Mexico,20,Oaxaca,984,Dist. Nochixtlan
145,Mexico,20,Oaxaca,985,Dist. Ocotlan
145,Mexico,20,Oaxaca,986,Dist. Pochutla
145,Mexico,20,Oaxaca,987,Dist. Putla
145,Mexico,20,Oaxaca,988,Dist. Silacayoapam
145,Mexico,20,Oaxaca,989,Dist. Sola de Vega
145,Mexico,20,Oaxaca,990,Dist. Tehuantepec
145,Mexico,20,Oaxaca,991,Dist. Teotitlan
145,Mexico,20,Oaxaca,992,Dist. Teposcolula
145,Mexico,20,Oaxaca,993,Dist. Tlacolula
145,Mexico,20,Oaxaca,994,Dist. Tlaxiaco
145,Mexico,20,Oaxaca,995,Dist. Tuxtepec
145,Mexico,20,Oaxaca,996,Dist. Villa Alta
145,Mexico,20,Oaxaca,997,Dist. Yautepec
145,Mexico,20,Oaxaca,998,Dist. Zaachila
145,Mexico,20,Oaxaca,999,Dist. Zimatlan
145,Mexico,21,Puebla,1000,Acajete
145,Mexico,21,Puebla,1001,Acateno
145,Mexico,21,Puebla,1002,Acatlán
145,Mexico,21,Puebla,1003,Acatzingo
145,Mexico,21,Puebla,1004,Acteopan
145,Mexico,21,Puebla,1005,Ahuacatlán
145,Mexico,21,Puebla,1006,Ahuatlán
145,Mexico,21,Puebla,1007,Ahuazotepec
145,Mexico,21,Puebla,1008,Ahuehuetitla
145,Mexico,21,Puebla,1009,Ajalpan
145,Mexico,21,Puebla,1010,Albino Zertuche
145,Mexico,21,Puebla,1011,Aljojuca
145,Mexico,21,Puebla,1012,Altepexi
145,Mexico,21,Puebla,1013,Amixtlán
145,Mexico,21,Puebla,1014,Amozoc
145,Mexico,21,Puebla,1015,Aquixtla
145,Mexico,21,Puebla,1016,Atempan
145,Mexico,21,Puebla,1017,Atexcal
145,Mexico,21,Puebla,1018,Atlixco
145,Mexico,21,Puebla,1019,Atoyatempan
145,Mexico,21,Puebla,1020,Atzala
145,Mexico,21,Puebla,1021,Atzitzihuacán
145,Mexico,21,Puebla,1022,Axutla
145,Mexico,21,Puebla,1023,Ayotoxco de Guerrero
145,Mexico,21,Puebla,1024,Cañada Morelos
145,Mexico,21,Puebla,1025,Calpan
145,Mexico,21,Puebla,1026,Caltepec
145,Mexico,21,Puebla,1027,Camocuautla
145,Mexico,21,Puebla,1028,Caxhuacan
145,Mexico,21,Puebla,1029,Chalchicomula de Sesma
145,Mexico,21,Puebla,1030,Chapulco
145,Mexico,21,Puebla,1031,Chiautla
145,Mexico,21,Puebla,1032,Chiautzingo
145,Mexico,21,Puebla,1033,Chichiquila
145,Mexico,21,Puebla,1034,Chiconcuautla
145,Mexico,21,Puebla,1035,Chietla
145,Mexico,21,Puebla,1036,Chigmecatitlán
145,Mexico,21,Puebla,1037,Chignahuapan
145,Mexico,21,Puebla,1038,Chignautla
145,Mexico,21,Puebla,1039,Chila de la Sal
145,Mexico,21,Puebla,1040,Chila
145,Mexico,21,Puebla,1041,Chilchotla
145,Mexico,21,Puebla,1042,Chinantla
145,Mexico,21,Puebla,1043,Coatepec
145,Mexico,21,Puebla,1044,Coatzingo
145,Mexico,21,Puebla,1045,Cohetzala
145,Mexico,21,Puebla,1046,Cohuecán
145,Mexico,21,Puebla,1047,Coronango
145,Mexico,21,Puebla,1048,Coxcatlán
145,Mexico,21,Puebla,1049,Coyomeapan
145,Mexico,21,Puebla,1050,Coyotepec
145,Mexico,21,Puebla,1051,Cuapiaxtla de Madero
145,Mexico,21,Puebla,1052,Cuautempan
145,Mexico,21,Puebla,1053,Cuautinchán
145,Mexico,21,Puebla,1054,Cuautlancingo
145,Mexico,21,Puebla,1055,Cuayuca de Andrade
145,Mexico,21,Puebla,1056,Cuetzalan del Progreso
145,Mexico,21,Puebla,1057,Cuyoaco
145,Mexico,21,Puebla,1058,Domingo Arenas
145,Mexico,21,Puebla,1059,Eloxochitlán
145,Mexico,21,Puebla,1060,Epatlán
145,Mexico,21,Puebla,1061,Esperanza
145,Mexico,21,Puebla,1062,Francisco Z. Mena
145,Mexico,21,Puebla,1063,General Felipe Angeles
145,Mexico,21,Puebla,1064,Guadalupe Victoria
145,Mexico,21,Puebla,1065,Guadalupe
145,Mexico,21,Puebla,1066,Hermenegildo Galeana
145,Mexico,21,Puebla,1067,Honey
145,Mexico,21,Puebla,1068,Huaquechula
145,Mexico,21,Puebla,1069,Huatlatlauca
145,Mexico,21,Puebla,1070,Huauchinango
145,Mexico,21,Puebla,1071,Huehuetlán el Chico
145,Mexico,21,Puebla,1072,Huehuetlán el Grande
145,Mexico,21,Puebla,1073,Huehuetla
145,Mexico,21,Puebla,1074,Huejotzingo
145,Mexico,21,Puebla,1075,Hueyapan
145,Mexico,21,Puebla,1076,Hueytamalco
145,Mexico,21,Puebla,1077,Hueytlalpan
145,Mexico,21,Puebla,1078,Huitzilan de Serdán
145,Mexico,21,Puebla,1079,Huitziltepec
145,Mexico,21,Puebla,1080,Ignacio Allende
145,Mexico,21,Puebla,1081,Ixcamilpa de Guerrero
145,Mexico,21,Puebla,1082,Ixcaquixtla
145,Mexico,21,Puebla,1083,Ixtacamaxtitlán
145,Mexico,21,Puebla,1084,Ixtepec
145,Mexico,21,Puebla,1085,Izúcar de Matamoros
145,Mexico,21,Puebla,1086,Jolalpan
145,Mexico,21,Puebla,1087,Jonotla
145,Mexico,21,Puebla,1088,Jopala
145,Mexico,21,Puebla,1089,Juan C. Bonilla
145,Mexico,21,Puebla,1090,Juan Galindo
145,Mexico,21,Puebla,1091,Juan N. Méndez
145,Mexico,21,Puebla,1092,La Magdalena Tlatlauquitepec
145,Mexico,21,Puebla,1093,Lafragua
145,Mexico,21,Puebla,1094,Los Reyes de Juárez
145,Mexico,21,Puebla,1095,Mazapiltepec de Juárez
145,Mexico,21,Puebla,1096,Mixtla
145,Mexico,21,Puebla,1097,Molcaxac
145,Mexico,21,Puebla,1098,Naupan
145,Mexico,21,Puebla,1099,Nauzontla
145,Mexico,21,Puebla,1100,Nealtican
145,Mexico,21,Puebla,1101,Nicolás Bravo
145,Mexico,21,Puebla,1102,Nopalucan
145,Mexico,21,Puebla,1103,Ocotepec
145,Mexico,21,Puebla,1104,Ocoyucan
145,Mexico,21,Puebla,1105,Olintla
145,Mexico,21,Puebla,1106,Oriental
145,Mexico,21,Puebla,1107,Pahuatlán
145,Mexico,21,Puebla,1108,Palmar de Bravo
145,Mexico,21,Puebla,1109,Pantepec
145,Mexico,21,Puebla,1110,Petlalcingo
145,Mexico,21,Puebla,1111,Piaxtla
145,Mexico,21,Puebla,1112,Puebla
145,Mexico,21,Puebla,1113,Quecholac
145,Mexico,21,Puebla,1114,Quimixtlán
145,Mexico,21,Puebla,1115,Rafael Lara Grajales
145,Mexico,21,Puebla,1116,San Andrés Cholula
145,Mexico,21,Puebla,1117,San Antonio Cañada
145,Mexico,21,Puebla,1118,San Diego la Mesa Tochimiltzingo
145,Mexico,21,Puebla,1119,San Felipe Teotlalcingo
145,Mexico,21,Puebla,1120,San Felipe Tepatlán
145,Mexico,21,Puebla,1121,San Gabriel Chilac
145,Mexico,21,Puebla,1122,San Gregorio Atzompa
145,Mexico,21,Puebla,1123,San Jerónimo Tecuanipan
145,Mexico,21,Puebla,1124,San Jerónimo Xayacatlán
145,Mexico,21,Puebla,1125,San José Chiapa
145,Mexico,21,Puebla,1126,San José Miahuatlán
145,Mexico,21,Puebla,1127,San Juan Atenco
145,Mexico,21,Puebla,1128,San Juan Atzompa
145,Mexico,21,Puebla,1129,San Martín Texmelucan
145,Mexico,21,Puebla,1130,San Martín Totoltepec
145,Mexico,21,Puebla,1131,San Matías Tlalancaleca
145,Mexico,21,Puebla,1132,San Miguel Ixitlán
145,Mexico,21,Puebla,1133,San Miguel Xoxtla
145,Mexico,21,Puebla,1134,San Nicolás Buenos Aires
145,Mexico,21,Puebla,1135,San Nicolás de los Ranchos
145,Mexico,21,Puebla,1136,San Pablo Anicano
145,Mexico,21,Puebla,1137,San Pedro Cholula
145,Mexico,21,Puebla,1138,San Pedro Yeloixtlahuaca
145,Mexico,21,Puebla,1139,San Salvador el Seco
145,Mexico,21,Puebla,1140,San Salvador el Verde
145,Mexico,21,Puebla,1141,San Salvador Huixcolotla
145,Mexico,21,Puebla,1142,San Sebastián Tlacotepec
145,Mexico,21,Puebla,1143,Santa Catarina Tlaltempan
145,Mexico,21,Puebla,1144,Santa Inés Ahuatempan
145,Mexico,21,Puebla,1145,Santa Isabel Cholula
145,Mexico,21,Puebla,1146,Santiago Miahuatlán
145,Mexico,21,Puebla,1147,Santo Tomás Hueyotlipan
145,Mexico,21,Puebla,1148,Soltepec
145,Mexico,21,Puebla,1149,Tecali de Herrera
145,Mexico,21,Puebla,1150,Tecamachalco
145,Mexico,21,Puebla,1151,Tecomatlán
145,Mexico,21,Puebla,1152,Tehuacán
145,Mexico,21,Puebla,1153,Tehuitzingo
145,Mexico,21,Puebla,1154,Tenampulco
145,Mexico,21,Puebla,1155,Teopantlán
145,Mexico,21,Puebla,1156,Teotlalco
145,Mexico,21,Puebla,1157,Tepanco de López
145,Mexico,21,Puebla,1158,Tepango de Rodríguez
145,Mexico,21,Puebla,1159,Tepatlaxco de Hidalgo
145,Mexico,21,Puebla,1160,Tepeaca
145,Mexico,21,Puebla,1161,Tepemaxalco
145,Mexico,21,Puebla,1162,Tepeojuma
145,Mexico,21,Puebla,1163,Tepetzintla
145,Mexico,21,Puebla,1164,Tepexco
145,Mexico,21,Puebla,1165,Tepexi de Rodríguez
145,Mexico,21,Puebla,1166,Tepeyahualco de Cuauhtémoc
145,Mexico,21,Puebla,1167,Tepeyahualco
145,Mexico,21,Puebla,1168,Tetela de Ocampo
145,Mexico,21,Puebla,1169,Teteles de Avila Castillo
145,Mexico,21,Puebla,1170,Teziutlán
145,Mexico,21,Puebla,1171,Tianguismanalco
145,Mexico,21,Puebla,1172,Tilapa
145,Mexico,21,Puebla,1173,Tlachichuca
145,Mexico,21,Puebla,1174,Tlacotepec de Benito Juárez
145,Mexico,21,Puebla,1175,Tlacuilotepec
145,Mexico,21,Puebla,1176,Tlahuapan
145,Mexico,21,Puebla,1177,Tlaltenango
145,Mexico,21,Puebla,1178,Tlanepantla
145,Mexico,21,Puebla,1179,Tlaola
145,Mexico,21,Puebla,1180,Tlapacoya
145,Mexico,21,Puebla,1181,Tlapanalá
145,Mexico,21,Puebla,1182,Tlatlauquitepec
145,Mexico,21,Puebla,1183,Tlaxco
145,Mexico,21,Puebla,1184,Tochimilco
145,Mexico,21,Puebla,1185,Tochtepec
145,Mexico,21,Puebla,1186,Totoltepec de Guerrero
145,Mexico,21,Puebla,1187,Tulcingo
145,Mexico,21,Puebla,1188,Tzicatlacoyan
145,Mexico,21,Puebla,1189,Venustiano Carranza
145,Mexico,21,Puebla,1190,Vicente Guerrero
145,Mexico,21,Puebla,1191,Xalpan
145,Mexico,21,Puebla,1192,Xayacatlán de Bravo
145,Mexico,21,Puebla,1193,Xicotepec
145,Mexico,21,Puebla,1194,Xicotlán
145,Mexico,21,Puebla,1195,Xiutetelco
145,Mexico,21,Puebla,1196,Xochiapulco
145,Mexico,21,Puebla,1197,Xochiltepec
145,Mexico,21,Puebla,1198,Xochitlán de Vicente Suárez
145,Mexico,21,Puebla,1199,Xochitlán Todos Santos
145,Mexico,21,Puebla,1200,Yaonáhuac
145,Mexico,21,Puebla,1201,Yehualtepec
145,Mexico,21,Puebla,1202,Zacapala
145,Mexico,21,Puebla,1203,Zacapoaxtla
145,Mexico,21,Puebla,1204,Zacatlán
145,Mexico,21,Puebla,1205,Zapotitlán de Méndez
145,Mexico,21,Puebla,1206,Zapotitlán
145,Mexico,21,Puebla,1207,Zaragoza
145,Mexico,21,Puebla,1208,Zautla
145,Mexico,21,Puebla,1209,Zihuateutla
145,Mexico,21,Puebla,1210,Zinacatepec
145,Mexico,21,Puebla,1211,Zoquiapan
145,Mexico,21,Puebla,1212,Zoquitlan
145,Mexico,22,Querétaro,1213,Amealco de Bonfin
145,Mexico,22,Querétaro,1214,Arroyo Seco
145,Mexico,22,Querétaro,1215,Cadereyta de Montes
145,Mexico,22,Querétaro,1216,Colón
145,Mexico,22,Querétaro,1217,Corregidora
145,Mexico,22,Querétaro,1218,El Marqués
145,Mexico,22,Querétaro,1219,Ezequiel Montes
145,Mexico,22,Querétaro,1220,Huimilpan
145,Mexico,22,Querétaro,1221,Jalpan de Serra
145,Mexico,22,Querétaro,1222,Landa de Matamoros
145,Mexico,22,Querétaro,1223,Peñamiller
145,Mexico,22,Querétaro,1224,Pedro Escobedo
145,Mexico,22,Querétaro,1225,Pinal de Amoles
145,Mexico,22,Querétaro,1226,Querétaro
145,Mexico,22,Querétaro,1227,San Joaquín
145,Mexico,22,Querétaro,1228,San Juan del Río
145,Mexico,22,Querétaro,1229,Tequisquiapan
145,Mexico,22,Querétaro,1230,Tolimán
145,Mexico,23,Quintana Roo,1231,Benito Juárez
145,Mexico,23,Quintana Roo,1232,Cozumel
145,Mexico,23,Quintana Roo,1233,Felipe Carrillo Puerto
145,Mexico,23,Quintana Roo,1234,Felipe Carrillo
145,Mexico,23,Quintana Roo,1235,Isla Mujeres
145,Mexico,23,Quintana Roo,1236,José María Morelos
145,Mexico,23,Quintana Roo,1237,Lázaro Cárdenas
145,Mexico,23,Quintana Roo,1238,Othón P. Blanco
145,Mexico,24,San Luis Potosí,1239,Ahualulco
145,Mexico,24,San Luis Potosí,1240,Alaquines
145,Mexico,24,San Luis Potosí,1241,Aquismón
145,Mexico,24,San Luis Potosí,1242,Armadillo de los Infante
145,Mexico,24,San Luis Potosí,1243,Axtla de Terrazas
145,Mexico,24,San Luis Potosí,1244,Cárdenas
145,Mexico,24,San Luis Potosí,1245,Catorce
145,Mexico,24,San Luis Potosí,1246,Cedral
145,Mexico,24,San Luis Potosí,1247,Cerritos
145,Mexico,24,San Luis Potosí,1248,Cerro de San Pedro
145,Mexico,24,San Luis Potosí,1249,Charcas
145,Mexico,24,San Luis Potosí,1250,Ciudad del Maíz
145,Mexico,24,San Luis Potosí,1251,Ciudad Fernández
145,Mexico,24,San Luis Potosí,1252,Ciudad Valles
145,Mexico,24,San Luis Potosí,1253,Coxcatlán
145,Mexico,24,San Luis Potosí,1254,Ebano
145,Mexico,24,San Luis Potosí,1255,Guadalcazar
145,Mexico,24,San Luis Potosí,1256,Huehuetlán
145,Mexico,24,San Luis Potosí,1257,Lagunillas
145,Mexico,24,San Luis Potosí,1258,Matehuala
145,Mexico,24,San Luis Potosí,1259,Mexquitic de Carmona
145,Mexico,24,San Luis Potosí,1260,Moctezuma
145,Mexico,24,San Luis Potosí,1261,Pinos
145,Mexico,24,San Luis Potosí,1262,Rayón
145,Mexico,24,San Luis Potosí,1263,Rioverde
145,Mexico,24,San Luis Potosí,1264,Salinas
145,Mexico,24,San Luis Potosí,1265,San Antonio
145,Mexico,24,San Luis Potosí,1266,San Ciro de Acosta
145,Mexico,24,San Luis Potosí,1267,San Luis Potosí
145,Mexico,24,San Luis Potosí,1268,San Martín Chalchicuautla
145,Mexico,24,San Luis Potosí,1269,San Nicolás Tolentino
145,Mexico,24,San Luis Potosí,1270,San Vicente Tancuayalab
145,Mexico,24,San Luis Potosí,1271,Santa Catarina
145,Mexico,24,San Luis Potosí,1272,Santa María del Río
145,Mexico,24,San Luis Potosí,1273,Santo Domingo
145,Mexico,24,San Luis Potosí,1274,Soledad de Graciano Sánchez
145,Mexico,24,San Luis Potosí,1275,Tamasopo
145,Mexico,24,San Luis Potosí,1276,Tamazunchale
145,Mexico,24,San Luis Potosí,1277,Tampacan
145,Mexico,24,San Luis Potosí,1278,Tampamolón Corona
145,Mexico,24,San Luis Potosí,1279,Tamuín
145,Mexico,24,San Luis Potosí,1280,Tancanhuitz de Santos
145,Mexico,24,San Luis Potosí,1281,Tanlajás
145,Mexico,24,San Luis Potosí,1282,Tanquián de Escobedo
145,Mexico,24,San Luis Potosí,1283,Tierra Nueva
145,Mexico,24,San Luis Potosí,1284,Vanegas
145,Mexico,24,San Luis Potosí,1285,Venado
145,Mexico,24,San Luis Potosí,1286,Villa de Arista
145,Mexico,24,San Luis Potosí,1287,Villa de Arriaga
145,Mexico,24,San Luis Potosí,1288,Villa de Guadalupe
145,Mexico,24,San Luis Potosí,1289,Villa de la Paz
145,Mexico,24,San Luis Potosí,1290,Villa de Ramos
145,Mexico,24,San Luis Potosí,1291,Villa de Reyes
145,Mexico,24,San Luis Potosí,1292,Villa Hidalgo
145,Mexico,24,San Luis Potosí,1293,Villa Juárez
145,Mexico,24,San Luis Potosí,1294,Xilitla
145,Mexico,24,San Luis Potosí,1295,Zaragoza
145,Mexico,25,Sinaloa,1296,Ahome
145,Mexico,25,Sinaloa,1297,Angostura
145,Mexico,25,Sinaloa,1298,Badiraguato
145,Mexico,25,Sinaloa,1299,Boca San Lorenzo
145,Mexico,25,Sinaloa,1300,Choix
145,Mexico,25,Sinaloa,1301,Concordia
145,Mexico,25,Sinaloa,1302,Cosalá
145,Mexico,25,Sinaloa,1303,Culiacán
145,Mexico,25,Sinaloa,1304,El Fuerte
145,Mexico,25,Sinaloa,1305,El Rosario
145,Mexico,25,Sinaloa,1306,Elota
145,Mexico,25,Sinaloa,1307,Escuinapa
145,Mexico,25,Sinaloa,1308,Guasave
145,Mexico,25,Sinaloa,1309,Isla Altamira
145,Mexico,25,Sinaloa,1310,Mazatlán
145,Mexico,25,Sinaloa,1311,Mocorito
145,Mexico,25,Sinaloa,1312,Salvador Alvarado
145,Mexico,25,Sinaloa,1313,San Ignacio
145,Mexico,25,Sinaloa,1314,Sinaloa
145,Mexico,26,Sonora,1315,Álamos
145,Mexico,26,Sonora,1316,Aconchi
145,Mexico,26,Sonora,1317,Agua Prieta
145,Mexico,26,Sonora,1318,Altar
145,Mexico,26,Sonora,1319,Arizpe
145,Mexico,26,Sonora,1320,Atil
145,Mexico,26,Sonora,1321,Bácum
145,Mexico,26,Sonora,1322,Bacadéhuachi
145,Mexico,26,Sonora,1323,Bacanora
145,Mexico,26,Sonora,1324,Bacerac
145,Mexico,26,Sonora,1325,Bacoachi
145,Mexico,26,Sonora,1326,Banámichi
145,Mexico,26,Sonora,1327,Baviácora
145,Mexico,26,Sonora,1328,Bavispe
145,Mexico,26,Sonora,1329,Benjamín Hill
145,Mexico,26,Sonora,1330,Caborca
145,Mexico,26,Sonora,1331,Cajeme
145,Mexico,26,Sonora,1332,Cananea
145,Mexico,26,Sonora,1333,Carbó
145,Mexico,26,Sonora,1334,Cucurpe
145,Mexico,26,Sonora,1335,Cumpas
145,Mexico,26,Sonora,1336,Divisaderos
145,Mexico,26,Sonora,1337,Empalme
145,Mexico,26,Sonora,1338,Etchojoa
145,Mexico,26,Sonora,1339,Fronteras
145,Mexico,26,Sonora,1340,Granados
145,Mexico,26,Sonora,1341,Guaymas
145,Mexico,26,Sonora,1342,Hermosillo
145,Mexico,26,Sonora,1343,Huásabas
145,Mexico,26,Sonora,1344,Huépac
145,Mexico,26,Sonora,1345,Huachinera
145,Mexico,26,Sonora,1346,Huatabampo
145,Mexico,26,Sonora,1347,Imuris
145,Mexico,26,Sonora,1348,Isla Tiburon
145,Mexico,26,Sonora,1349,La Colorada
145,Mexico,26,Sonora,1350,Magdalena
145,Mexico,26,Sonora,1351,Mazatán
145,Mexico,26,Sonora,1352,Moctezuma
145,Mexico,26,Sonora,1353,Nácori Chico
145,Mexico,26,Sonora,1354,Naco
145,Mexico,26,Sonora,1355,Nacozari de García
145,Mexico,26,Sonora,1356,Navojoa
145,Mexico,26,Sonora,1357,Nogales
145,Mexico,26,Sonora,1358,Onavas
145,Mexico,26,Sonora,1359,Opodepe
145,Mexico,26,Sonora,1360,Oquitoa
145,Mexico,26,Sonora,1361,Pitiquito
145,Mexico,26,Sonora,1362,Puerto Peñasco
145,Mexico,26,Sonora,1363,Quiriego
145,Mexico,26,Sonora,1364,Rayón
145,Mexico,26,Sonora,1365,Rosario
145,Mexico,26,Sonora,1366,Sáric
145,Mexico,26,Sonora,1367,Sahuaripa
145,Mexico,26,Sonora,1368,San Felipe de Jesús
145,Mexico,26,Sonora,1369,San Javier
145,Mexico,26,Sonora,1370,San Luis Río Colorado
145,Mexico,26,Sonora,1371,San Miguel de Horcasitas
145,Mexico,26,Sonora,1372,San Pedro de la Cueva
145,Mexico,26,Sonora,1373,Santa Ana
145,Mexico,26,Sonora,1374,Santa Cruz
145,Mexico,26,Sonora,1375,Soyopa
145,Mexico,26,Sonora,1376,Suaqui Grande
145,Mexico,26,Sonora,1377,Tepache
145,Mexico,26,Sonora,1378,Trincheras
145,Mexico,26,Sonora,1379,Tubutama
145,Mexico,26,Sonora,1380,Ures
145,Mexico,26,Sonora,1381,Villa Hidalgo
145,Mexico,26,Sonora,1382,Villa Pesqueira
145,Mexico,26,Sonora,1383,Yécora
145,Mexico,27,Tabasco,1384,Balancán
145,Mexico,27,Tabasco,1385,Cárdenas
145,Mexico,27,Tabasco,1386,Catazajá
145,Mexico,27,Tabasco,1387,Centla
145,Mexico,27,Tabasco,1388,Centro
145,Mexico,27,Tabasco,1389,Comalcalco
145,Mexico,27,Tabasco,1390,Cunduacán
145,Mexico,27,Tabasco,1391,Emiliano Zapata
145,Mexico,27,Tabasco,1392,Huimanguillo
145,Mexico,27,Tabasco,1393,Jalapa
145,Mexico,27,Tabasco,1394,Jalpa de Méndez
145,Mexico,27,Tabasco,1395,Jonuta
145,Mexico,27,Tabasco,1396,Macuspana
145,Mexico,27,Tabasco,1397,Nacajuca
145,Mexico,27,Tabasco,1398,Paraíso
145,Mexico,27,Tabasco,1399,Tacotalpa
145,Mexico,27,Tabasco,1400,Teapa
145,Mexico,27,Tabasco,1401,Tenosique
145,Mexico,28,Tamaulipas,1402,Abasolo
145,Mexico,28,Tamaulipas,1403,Aldama
145,Mexico,28,Tamaulipas,1404,Altamira
145,Mexico,28,Tamaulipas,1425,Mier
145,Mexico,28,Tamaulipas,1426,Miguel Alemán
145,Mexico,28,Tamaulipas,1427,Miquihuana
145,Mexico,28,Tamaulipas,1428,Nuevo Laredo
145,Mexico,28,Tamaulipas,1429,Nuevo Morelos
145,Mexico,28,Tamaulipas,1430,Ocampo
145,Mexico,28,Tamaulipas,1431,Padilla
145,Mexico,28,Tamaulipas,1432,Palmillas
145,Mexico,28,Tamaulipas,1433,Río Bravo
145,Mexico,28,Tamaulipas,1434,Reynosa
145,Mexico,28,Tamaulipas,1435,San Carlos
145,Mexico,28,Tamaulipas,1436,San Fernando
145,Mexico,28,Tamaulipas,1437,San Nicolás
145,Mexico,28,Tamaulipas,1438,Soto La Marina
145,Mexico,28,Tamaulipas,1439,Tampico
145,Mexico,28,Tamaulipas,1440,Tula
145,Mexico,28,Tamaulipas,1441,Valle Hermoso
145,Mexico,28,Tamaulipas,1442,Victoria
145,Mexico,28,Tamaulipas,1443,Villagrán
145,Mexico,28,Tamaulipas,1444,Xicoténcatl
145,Mexico,29,Tlaxcala,1445,Acuamanala de Miguel Hidalgo
145,Mexico,29,Tlaxcala,1446,Altzayanca
145,Mexico,29,Tlaxcala,1447,Amaxac de Guerrero
145,Mexico,29,Tlaxcala,1448,Apetatitlán de Antonio Carvajal
145,Mexico,29,Tlaxcala,1449,Apizaco
145,Mexico,29,Tlaxcala,1450,Atlangatepec
145,Mexico,29,Tlaxcala,1451,Calpulalpan
145,Mexico,29,Tlaxcala,1452,Chiautempan
145,Mexico,29,Tlaxcala,1453,Contla de Juan Cuamatzi
145,Mexico,29,Tlaxcala,1454,Cuapiaxtla
145,Mexico,29,Tlaxcala,1455,Cuaxomulco
145,Mexico,29,Tlaxcala,1456,El Carmen Tequexquitla
145,Mexico,29,Tlaxcala,1457,Españita
145,Mexico,29,Tlaxcala,1458,Huamantla
145,Mexico,29,Tlaxcala,1459,Hueyotlipan
145,Mexico,29,Tlaxcala,1460,Ixtacuixtla de Mariano Matamoros
145,Mexico,29,Tlaxcala,1461,Ixtenco
145,Mexico,29,Tlaxcala,1462,Mazatecochco de José María Morelos
145,Mexico,29,Tlaxcala,1463,Muñoz de Domingo Arenas
145,Mexico,29,Tlaxcala,1464,Nanacamilpa de Mariano Arista
145,Mexico,29,Tlaxcala,1465,Natívitas
145,Mexico,29,Tlaxcala,1466,Panotla
145,Mexico,29,Tlaxcala,1467,Papalotla de Xicohténcatl
145,Mexico,29,Tlaxcala,1468,San Pablo del Monte
145,Mexico,29,Tlaxcala,1469,Sanctórum de Lázaro Cárdenas
145,Mexico,29,Tlaxcala,1470,Santa Cruz Tlaxcala
145,Mexico,29,Tlaxcala,1471,Tenancingo
145,Mexico,29,Tlaxcala,1472,Teolocholco
145,Mexico,29,Tlaxcala,1473,Tepetitla de Lardizábal
145,Mexico,29,Tlaxcala,1474,Tepeyanco
145,Mexico,29,Tlaxcala,1475,Terrenate
145,Mexico,29,Tlaxcala,1476,Tetla de la Solidaridad
145,Mexico,29,Tlaxcala,1477,Tetlatlahuca
145,Mexico,29,Tlaxcala,1478,Tlaxcala
145,Mexico,29,Tlaxcala,1479,Tlaxco
145,Mexico,29,Tlaxcala,1480,Tocatlán
145,Mexico,29,Tlaxcala,1481,Totolac
145,Mexico,29,Tlaxcala,1482,Tzompantepec
145,Mexico,29,Tlaxcala,1483,Xaloztoc
145,Mexico,29,Tlaxcala,1484,Xaltocan
145,Mexico,29,Tlaxcala,1485,Xicohtzinco
145,Mexico,29,Tlaxcala,1486,Yauhquemecan
145,Mexico,29,Tlaxcala,1487,Zacatelco
145,Mexico,29,Tlaxcala,1488,Zitlaltepec de Trinidad Sánchez Santos
145,Mexico,30,Veracruz,1489,Ángel R. Cabada
145,Mexico,30,Veracruz,1490,Acajete
145,Mexico,30,Veracruz,1491,Acatlán
145,Mexico,30,Veracruz,1492,Acayucan
145,Mexico,30,Veracruz,1493,Actopan
145,Mexico,30,Veracruz,1494,Acula
145,Mexico,30,Veracruz,1495,Acultzingo
145,Mexico,30,Veracruz,1496,Alpatláhuac
145,Mexico,30,Veracruz,1497,Alto Lucero de Gutiérrez Barrios
145,Mexico,30,Veracruz,1498,Altotonga
145,Mexico,30,Veracruz,1499,Alvarado
145,Mexico,30,Veracruz,1500,Amatitlán de los Reyes
145,Mexico,30,Veracruz,1501,Amatitlán
145,Mexico,30,Veracruz,1502,Amatlan Tuxpan
145,Mexico,30,Veracruz,1503,Apazapan
145,Mexico,30,Veracruz,1504,Aquila
145,Mexico,30,Veracruz,1505,Úrsulo Galván
145,Mexico,30,Veracruz,1506,Astacinga
145,Mexico,30,Veracruz,1507,Atlahuilco
145,Mexico,30,Veracruz,1508,Atoyac
145,Mexico,30,Veracruz,1509,Atzacan
145,Mexico,30,Veracruz,1510,Atzalan
145,Mexico,30,Veracruz,1511,Ayahualulco
145,Mexico,30,Veracruz,1512,Banderilla
145,Mexico,30,Veracruz,1513,Benito Juárez
145,Mexico,30,Veracruz,1514,Boca del Río
145,Mexico,30,Veracruz,1515,Córdoba
145,Mexico,30,Veracruz,1516,Calcahualco
145,Mexico,30,Veracruz,1517,Camarón de Tejada
145,Mexico,30,Veracruz,1518,Camerino Z. Mendoza
145,Mexico,30,Veracruz,1519,Carrillo Puerto
145,Mexico,30,Veracruz,1520,Castillo de Teayo
145,Mexico,30,Veracruz,1521,Catemaco
145,Mexico,30,Veracruz,1522,Cazones de Herrera
145,Mexico,30,Veracruz,1523,Cerro Azul
145,Mexico,30,Veracruz,1524,Chacaltianguis
145,Mexico,30,Veracruz,1525,Chalma
145,Mexico,30,Veracruz,1526,Chiconamel
145,Mexico,30,Veracruz,1527,Chiconquiaco
145,Mexico,30,Veracruz,1528,Chicontepec
145,Mexico,30,Veracruz,1529,Chinameca
145,Mexico,30,Veracruz,1530,Chinampa de Gorostiza
145,Mexico,30,Veracruz,1531,Chocomán
145,Mexico,30,Veracruz,1532,Chontla
145,Mexico,30,Veracruz,1533,Chumatlán
145,Mexico,30,Veracruz,1534,Citlaltépetl
145,Mexico,30,Veracruz,1535,Coacoatzintla
145,Mexico,30,Veracruz,1536,Coatepec
145,Mexico,30,Veracruz,1537,Coatzacoalcos
145,Mexico,30,Veracruz,1538,Coatzintla
145,Mexico,30,Veracruz,1539,Coetzala
145,Mexico,30,Veracruz,1540,Colipa
145,Mexico,30,Veracruz,1541,Comapa
145,Mexico,30,Veracruz,1542,Cosamaloapan
145,Mexico,30,Veracruz,1543,Cosautlán de Carvajal
145,Mexico,30,Veracruz,1544,Coscomatepec
145,Mexico,30,Veracruz,1545,Cosoleacaque
145,Mexico,30,Veracruz,1546,Cotaxtla
145,Mexico,30,Veracruz,1547,Coxquihi
145,Mexico,30,Veracruz,1548,Coyutla
145,Mexico,30,Veracruz,1549,Cuichapa
145,Mexico,30,Veracruz,1550,Cuitláhuac
145,Mexico,30,Veracruz,1551,Emiliano Zapata
145,Mexico,30,Veracruz,1552,Espinal
145,Mexico,30,Veracruz,1553,Filomeno Mata
145,Mexico,30,Veracruz,1554,Fortín
145,Mexico,30,Veracruz,1555,Gutiérrez Zamora
145,Mexico,30,Veracruz,1556,Hidalgotitlán
145,Mexico,30,Veracruz,1557,Huatusco
145,Mexico,30,Veracruz,1558,Huayacocotla
145,Mexico,30,Veracruz,1559,Hueyapan de Ocampo
145,Mexico,30,Veracruz,1560,Huiloapan de Cuauhtémoc
145,Mexico,30,Veracruz,1561,Ignacio de la Llave
145,Mexico,30,Veracruz,1562,Ilamatlán
145,Mexico,30,Veracruz,1563,Isla
145,Mexico,30,Veracruz,1564,Ixcatepec
145,Mexico,30,Veracruz,1565,Ixhuacán de los Reyes
145,Mexico,30,Veracruz,1566,Ixhuatlán de Madero
145,Mexico,30,Veracruz,1567,Ixhuatlán del Café
145,Mexico,30,Veracruz,1568,Ixhuatlán del Sureste
145,Mexico,30,Veracruz,1569,Ixhuatlancillo
145,Mexico,30,Veracruz,1570,Ixmatlahuacan
145,Mexico,30,Veracruz,1571,Ixtaczoquitlán
145,Mexico,30,Veracruz,1572,Jáltipan
145,Mexico,30,Veracruz,1573,Jalancingo
145,Mexico,30,Veracruz,1574,Jalcomulco
145,Mexico,30,Veracruz,1575,Jamapa
145,Mexico,30,Veracruz,1576,Jesús Carranza
145,Mexico,30,Veracruz,1577,Jilotepec
145,Mexico,30,Veracruz,1578,José Azueta
145,Mexico,30,Veracruz,1579,Juan Rodríguez Clara
145,Mexico,30,Veracruz,1580,Juchique de Ferrer
145,Mexico,30,Veracruz,1581,La Antigua
145,Mexico,30,Veracruz,1582,La Perla
145,Mexico,30,Veracruz,1583,Landero y Coss
145,Mexico,30,Veracruz,1584,Las Choapas
145,Mexico,30,Veracruz,1585,Las Minas
145,Mexico,30,Veracruz,1586,Las Vigas de Ramírez
145,Mexico,30,Veracruz,1587,Lerdo de Tejada
145,Mexico,30,Veracruz,1588,Los Reyes
145,Mexico,30,Veracruz,1589,Magdalena
145,Mexico,30,Veracruz,1590,Maltrata
145,Mexico,30,Veracruz,1591,Manlio Fabio Altamirano
145,Mexico,30,Veracruz,1592,Mariano Escobedo
145,Mexico,30,Veracruz,1593,Martínez de la Torre
145,Mexico,30,Veracruz,1594,Mecatlán
145,Mexico,30,Veracruz,1595,Mecayapan
145,Mexico,30,Veracruz,1596,Medellín
145,Mexico,30,Veracruz,1597,Mihuatlán
145,Mexico,30,Veracruz,1598,Minatitlán
145,Mexico,30,Veracruz,1599,Misantla
145,Mexico,30,Veracruz,1600,Mixtla de Altamirano
145,Mexico,30,Veracruz,1601,Moloacán
145,Mexico,30,Veracruz,1602,Naolinco
145,Mexico,30,Veracruz,1603,Naranjal
145,Mexico,30,Veracruz,1604,Nautla
145,Mexico,30,Veracruz,1605,Nogales
145,Mexico,30,Veracruz,1606,Oluta
145,Mexico,30,Veracruz,1607,Omealca
145,Mexico,30,Veracruz,1608,Orizaba
145,Mexico,30,Veracruz,1609,Otatitlán
145,Mexico,30,Veracruz,1610,Oteapan
145,Mexico,30,Veracruz,1611,Ozuluama
145,Mexico,30,Veracruz,1612,Pánuco
145,Mexico,30,Veracruz,1613,Pajapan
145,Mexico,30,Veracruz,1614,Papantla
145,Mexico,30,Veracruz,1615,Paso de Ovejas
145,Mexico,30,Veracruz,1616,Paso del Macho
145,Mexico,30,Veracruz,1617,Perote
145,Mexico,30,Veracruz,1618,Platón Sánchez
145,Mexico,30,Veracruz,1619,Playa Vicente
145,Mexico,30,Veracruz,1620,Poza Rica de Hidalgo
145,Mexico,30,Veracruz,1621,Progreso de Zaragoza
145,Mexico,30,Veracruz,1622,Pueblo Viejo
145,Mexico,30,Veracruz,1623,Puente Nacional
145,Mexico,30,Veracruz,1624,Rafael Delgado
145,Mexico,30,Veracruz,1625,Rafael Lucio
145,Mexico,30,Veracruz,1626,Río Blanco
145,Mexico,30,Veracruz,1627,Saltabarranca
145,Mexico,30,Veracruz,1628,San Andrés Tenejapan
145,Mexico,30,Veracruz,1629,San Andrés Tuxtla
145,Mexico,30,Veracruz,1630,San Juan Evangelista
145,Mexico,30,Veracruz,1631,Santiago Tuxtla
145,Mexico,30,Veracruz,1632,Sayula de Alemán
145,Mexico,30,Veracruz,1633,Sochiapa
145,Mexico,30,Veracruz,1634,Soconusco
145,Mexico,30,Veracruz,1635,Soledad Atzompa
145,Mexico,30,Veracruz,1636,Soledad de Doblado
145,Mexico,30,Veracruz,1637,Soteapan
145,Mexico,30,Veracruz,1638,Tamalín
145,Mexico,30,Veracruz,1639,Tamiahua
145,Mexico,30,Veracruz,1640,Tampico Alto
145,Mexico,30,Veracruz,1641,Tancoco
145,Mexico,30,Veracruz,1642,Tantima
145,Mexico,30,Veracruz,1643,Tantoyuca
145,Mexico,30,Veracruz,1644,Tatatila
145,Mexico,30,Veracruz,1645,Tecolutla
145,Mexico,30,Veracruz,1646,Tehuipango
145,Mexico,30,Veracruz,1647,Temapache
145,Mexico,30,Veracruz,1648,Tempoal
145,Mexico,30,Veracruz,1649,Tenampa
145,Mexico,30,Veracruz,1650,Tenochtitlán
145,Mexico,30,Veracruz,1651,Teocelo
145,Mexico,30,Veracruz,1652,Tepatlaxco
145,Mexico,30,Veracruz,1653,Tepetlán
145,Mexico,30,Veracruz,1654,Tepetzintla
145,Mexico,30,Veracruz,1655,Tequila
145,Mexico,30,Veracruz,1656,Texcatepec
145,Mexico,30,Veracruz,1657,Texhuacán
145,Mexico,30,Veracruz,1658,Texistepec
145,Mexico,30,Veracruz,1659,Tezonapa
145,Mexico,30,Veracruz,1660,Tierra Blanca
145,Mexico,30,Veracruz,1661,Tihuatlán
145,Mexico,30,Veracruz,1662,Tlachichilco
145,Mexico,30,Veracruz,1663,Tlacolulan
145,Mexico,30,Veracruz,1664,Tlacotalpan
145,Mexico,30,Veracruz,1665,Tlacotepec de Mejía
145,Mexico,30,Veracruz,1666,Tlajocalpan
145,Mexico,30,Veracruz,1667,Tlalixcoyan
145,Mexico,30,Veracruz,1668,Tlalnelhuayocan
145,Mexico,30,Veracruz,1669,Tlaltetela
145,Mexico,30,Veracruz,1670,Tlapacoyan
145,Mexico,30,Veracruz,1671,Tlaquilpan
145,Mexico,30,Veracruz,1672,Tlilapan
145,Mexico,30,Veracruz,1673,Tomatlán
145,Mexico,30,Veracruz,1674,Tonayán
145,Mexico,30,Veracruz,1675,Totutla
145,Mexico,30,Veracruz,1676,Tuxpan
145,Mexico,30,Veracruz,1677,Tuxtilla
145,Mexico,30,Veracruz,1678,Vega de Alatorre
145,Mexico,30,Veracruz,1679,Veracruz
145,Mexico,30,Veracruz,1680,Villa Aldama
145,Mexico,30,Veracruz,1681,Xalapa
145,Mexico,30,Veracruz,1682,Xico
145,Mexico,30,Veracruz,1683,Xoxocotla
145,Mexico,30,Veracruz,1684,Yanga
145,Mexico,30,Veracruz,1685,Yecuatla
145,Mexico,30,Veracruz,1686,Zacualpan
145,Mexico,30,Veracruz,1687,Zaragoza
145,Mexico,30,Veracruz,1688,Zentla
145,Mexico,30,Veracruz,1689,Zongolica
145,Mexico,30,Veracruz,1690,Zontecomatlán
145,Mexico,30,Veracruz,1691,Zozocolco de Hidalgo
145,Mexico,31,Yucatán,1692,Abalá
145,Mexico,31,Yucatán,1693,Acanceh
145,Mexico,31,Yucatán,1694,Akil
145,Mexico,31,Yucatán,1695,Baca
145,Mexico,31,Yucatán,1696,Bokobá
145,Mexico,31,Yucatán,1697,Buctzotz
145,Mexico,31,Yucatán,1698,Cacalchén
145,Mexico,31,Yucatán,1699,Calotmul
145,Mexico,31,Yucatán,1700,Cansahcab
145,Mexico,31,Yucatán,1701,Cantamayec
145,Mexico,31,Yucatán,1702,Celestún
145,Mexico,31,Yucatán,1703,Cenotillo
145,Mexico,31,Yucatán,1704,Chacsinkín
145,Mexico,31,Yucatán,1705,Chankom
145,Mexico,31,Yucatán,1706,Chapab
145,Mexico,31,Yucatán,1707,Chemax
145,Mexico,31,Yucatán,1708,Chichimilá
145,Mexico,31,Yucatán,1709,Chicxulub Pueblo
145,Mexico,31,Yucatán,1710,Chikindzonot
145,Mexico,31,Yucatán,1711,Chocholá
145,Mexico,31,Yucatán,1712,Chumayel
145,Mexico,31,Yucatán,1713,Conkal
145,Mexico,31,Yucatán,1714,Cuncunul
145,Mexico,31,Yucatán,1715,Cuzamá
145,Mexico,31,Yucatán,1716,Dzan
145,Mexico,31,Yucatán,1717,Dzemul
145,Mexico,31,Yucatán,1718,Dzidzantún
145,Mexico,31,Yucatán,1719,Dzilam de Bravo
145,Mexico,31,Yucatán,1720,Dzilam González
145,Mexico,31,Yucatán,1721,Dzitás
145,Mexico,31,Yucatán,1722,Dzoncauich
145,Mexico,31,Yucatán,1723,Espita
145,Mexico,31,Yucatán,1724,Halachó
145,Mexico,31,Yucatán,1725,Hocabá
145,Mexico,31,Yucatán,1726,Hoctún
145,Mexico,31,Yucatán,1727,Homún
145,Mexico,31,Yucatán,1728,Huhí
145,Mexico,31,Yucatán,1729,Hunucmá
145,Mexico,31,Yucatán,1730,Ixil
145,Mexico,31,Yucatán,1731,Izamal
145,Mexico,31,Yucatán,1732,Kanasín
145,Mexico,31,Yucatán,1733,Kantunil
145,Mexico,31,Yucatán,1734,Kaua
145,Mexico,31,Yucatán,1735,Kinchil
145,Mexico,31,Yucatán,1736,Kopomá
145,Mexico,31,Yucatán,1737,Mérida
145,Mexico,31,Yucatán,1738,Mama
145,Mexico,31,Yucatán,1739,Maní
145,Mexico,31,Yucatán,1740,Maxcanú
145,Mexico,31,Yucatán,1741,Mayapán
145,Mexico,31,Yucatán,1742,Mocochá
145,Mexico,31,Yucatán,1743,Motul
145,Mexico,31,Yucatán,1744,Muna
145,Mexico,31,Yucatán,1745,Muxupip
145,Mexico,31,Yucatán,1746,Opichén
145,Mexico,31,Yucatán,1747,Oxkutzcab
145,Mexico,31,Yucatán,1748,Panabá
145,Mexico,31,Yucatán,1749,Peto
145,Mexico,31,Yucatán,1750,Progreso
145,Mexico,31,Yucatán,1751,Quintana Roo
145,Mexico,31,Yucatán,1752,Río Lagartos
145,Mexico,31,Yucatán,1753,Sacalum
145,Mexico,31,Yucatán,1754,Samahil
145,Mexico,31,Yucatán,1755,San Felipe
145,Mexico,31,Yucatán,1756,Sanahcat
145,Mexico,31,Yucatán,1757,Santa Elena
145,Mexico,31,Yucatán,1758,Seyé
145,Mexico,31,Yucatán,1759,Sinanché
145,Mexico,31,Yucatán,1760,Sotuta
145,Mexico,31,Yucatán,1761,Sucilá
145,Mexico,31,Yucatán,1762,Sudzal
145,Mexico,31,Yucatán,1763,Suma
145,Mexico,31,Yucatán,1764,Tahdziú
145,Mexico,31,Yucatán,1765,Tahmek
145,Mexico,31,Yucatán,1766,Teabo
145,Mexico,31,Yucatán,1767,Tecoh
145,Mexico,31,Yucatán,1768,Tekal de Venegas
145,Mexico,31,Yucatán,1769,Tekantó
145,Mexico,31,Yucatán,1770,Tekax
145,Mexico,31,Yucatán,1771,Tekit
145,Mexico,31,Yucatán,1772,Tekom
145,Mexico,31,Yucatán,1773,Telchac Pueblo
145,Mexico,31,Yucatán,1774,Telchac Puerto
145,Mexico,31,Yucatán,1775,Temax
145,Mexico,31,Yucatán,1776,Temozón
145,Mexico,31,Yucatán,1777,Tepakán
145,Mexico,31,Yucatán,1778,Tetiz
145,Mexico,31,Yucatán,1779,Teya
145,Mexico,31,Yucatán,1780,Ticul
145,Mexico,31,Yucatán,1781,Timucuy
145,Mexico,31,Yucatán,1782,Tinúm
145,Mexico,31,Yucatán,1783,Tixcacalcupul
145,Mexico,31,Yucatán,1784,Tixkokob
145,Mexico,31,Yucatán,1785,Tixméhuac
145,Mexico,31,Yucatán,1786,Tixpéhual
145,Mexico,31,Yucatán,1787,Tizimín
145,Mexico,31,Yucatán,1788,Tunkás
145,Mexico,31,Yucatán,1789,Tzucacab
145,Mexico,31,Yucatán,1790,Uayma
145,Mexico,31,Yucatán,1791,Ucú
145,Mexico,31,Yucatán,1792,Umán
145,Mexico,31,Yucatán,1793,Valladolid
145,Mexico,31,Yucatán,1794,Xocchel
145,Mexico,31,Yucatán,1795,Yaxcabá
145,Mexico,31,Yucatán,1796,Yaxkukul
145,Mexico,31,Yucatán,1797,Yobaín
145,Mexico,32,Zacatecas,1798,Apozol
145,Mexico,32,Zacatecas,1799,Apulco
145,Mexico,32,Zacatecas,1800,Atolinga
145,Mexico,32,Zacatecas,1801,Benito Juárez
145,Mexico,32,Zacatecas,1802,Cañitas de Felipe Pescador
145,Mexico,32,Zacatecas,1803,Calera
145,Mexico,32,Zacatecas,1804,Chalchihuites
145,Mexico,32,Zacatecas,1805,Concepción del Oro
145,Mexico,32,Zacatecas,1806,Cuauhtémoc
145,Mexico,32,Zacatecas,1807,El Salvador
145,Mexico,32,Zacatecas,1808,Fresnillo
145,Mexico,32,Zacatecas,1809,Genaro Codina
145,Mexico,32,Zacatecas,1810,General Enrique Estrada
145,Mexico,32,Zacatecas,1811,General Francisco R. Murguía
145,Mexico,32,Zacatecas,1812,General Joaquin Amaro
145,Mexico,32,Zacatecas,1813,General Pánfilo Natera
145,Mexico,32,Zacatecas,1814,Guadalupe
145,Mexico,32,Zacatecas,1815,Huanusco
145,Mexico,32,Zacatecas,1816,Jalpa
145,Mexico,32,Zacatecas,1817,Jerez
145,Mexico,32,Zacatecas,1818,Jiménez del Teul
145,Mexico,32,Zacatecas,1819,Juan Aldama
145,Mexico,32,Zacatecas,1820,Juchipila
145,Mexico,32,Zacatecas,1821,Loreto
145,Mexico,32,Zacatecas,1822,Luis Moya
145,Mexico,32,Zacatecas,1843,Teul de González Ortega
145,Mexico,32,Zacatecas,1844,Tlaltenango de Sánchez Román
145,Mexico,32,Zacatecas,1845,Trinidad García de la Cadena
145,Mexico,32,Zacatecas,1846,Valparaíso
145,Mexico,32,Zacatecas,1847,Vetagrande
145,Mexico,32,Zacatecas,1848,Villa de Cos
145,Mexico,32,Zacatecas,1849,Villa García
145,Mexico,32,Zacatecas,1850,Villa González Ortega
145,Mexico,32,Zacatecas,1851,Villa Hidalgo
145,Mexico,32,Zacatecas,1852,Villanueva
145,Mexico,32,Zacatecas,1853,Zacatecas
